Date,Spread
2001-01-02,0.241192614554125
2001-01-03,0.3676844167998675
2001-01-04,0.3545545984360804
2001-01-05,0.2917805783124999
2001-01-08,0.3090072288464845
2001-01-09,0.3010300456069825
2001-01-10,0.34610109877031164
2001-01-11,0.36407989361581916
2001-01-12,0.388760415392685
2001-01-16,0.3675376981551606
2001-01-17,0.4005677169976767
2001-01-18,0.4392968731130711
2001-01-19,0.44340905092437694
2001-01-22,0.4444453833708792
2001-01-23,0.45791639242593407
2001-01-24,0.4376102895844604
2001-01-25,0.39166321231263035
2001-01-26,0.41360796814446305
2001-01-29,0.4346483826609121
2001-01-30,0.4191985932909689
2001-01-31,0.3704820424712898
2001-02-01,0.39217238265191534
2001-02-02,0.33818784933962226
2001-02-05,0.33801976633832753
2001-02-06,0.3304332344364951
2001-02-07,0.32161856917334336
2001-02-08,0.29793742437816373
2001-02-09,0.2606899935673262
2001-02-12,0.2679019232138554
2001-02-13,0.2357037466870791
2001-02-14,0.28428482444423797
2001-02-15,0.2880019530803971
2001-02-16,0.24797560033421417
2001-02-20,0.22072206615466988
2001-02-21,0.21219884669027766
2001-02-22,0.21210402655395266
2001-02-23,0.21288486694360725
2001-02-26,0.21385313262040795
2001-02-27,0.16278666553857868
2001-02-28,0.14983683542943377
2001-03-01,0.17320601400477675
2001-03-02,0.1334120902624537
2001-03-05,0.14594736068278813
2001-03-06,0.1690591292044668
2001-03-07,0.16366840279689243
2001-03-08,0.14367927303634898
2001-03-09,0.10523719794247938
2001-03-12,0.09593492555070682
2001-03-13,0.12177555546022267
2001-03-14,0.13920615741725484
2001-03-15,0.09843559211541641
2001-03-16,0.10392329762851105
2001-03-19,0.12470152389487443
2001-03-20,0.0883985509970916
2001-03-21,0.11168303978378213
2001-03-22,0.16656762365168165
2001-03-23,0.14839828721789183
2001-03-26,0.11388715011784145
2001-03-27,0.11373217095566646
2001-03-28,0.06701168084838971
2001-03-29,0.061521291515446275
2001-03-30,0.056364489633373704
2001-04-02,0.03308750367221358
2001-04-03,0.01710556415511122
2001-04-04,0.0066120349276797
2001-04-05,0.025732571145624217
2001-04-06,0.01592272478415213
2001-04-09,0.034040899548325676
2001-04-10,0.05234939933506855
2001-04-11,0.08403074034863867
2001-04-12,0.10888502861770422
2001-04-16,0.059313443324094606
2001-04-17,0.06581048893964203
2001-04-18,0.1100836512061027
2001-04-19,0.1509707367116907
2001-04-20,0.1631211574889478
2001-04-23,0.118633241963703
2001-04-24,0.11157560341637995
2001-04-25,0.1047083142700837
2001-04-26,0.07689699452966842
2001-04-27,0.0851177552741646
2001-04-30,0.10643208301915436
2001-05-01,0.1309128370672069
2001-05-02,0.15005414828819214
2001-05-03,0.11864595862132754
2001-05-04,0.1359982632973607
2001-05-07,0.1164470131089897
2001-05-08,0.13740907333045865
2001-05-09,0.10846596178413265
2001-05-10,0.08911736330067743
2001-05-11,0.10002882804888485
2001-05-14,0.0820800404548308
2001-05-15,0.07982524717325862
2001-05-16,0.09193818744462134
2001-05-17,0.1030735178691623
2001-05-18,0.10442026571988638
2001-05-21,0.14299567179269834
2001-05-22,0.14214501693846904
2001-05-23,0.11579568291516557
2001-05-24,0.13688256562652001
2001-05-25,0.13156573436683477
2001-05-29,0.08498840243096151
2001-05-30,0.07090663229221256
2001-05-31,0.06537660639534859
2001-06-01,0.08528507244735745
2001-06-04,0.07873278926450678
2001-06-05,0.10167241598085158
2001-06-06,0.10714565818618554
2001-06-07,0.12848588793536336
2001-06-08,0.10900692211555002
2001-06-11,0.09359925214724113
2001-06-12,0.0878270347015781
2001-06-13,0.07346802067581365
2001-06-14,0.049470598443497105
2001-06-15,0.062109828808575074
2001-06-18,0.05493350484695436
2001-06-19,0.0485874415031059
2001-06-20,0.05453775412220685
2001-06-21,0.05503048128219501
2001-06-22,0.06442331921962896
2001-06-25,0.07397512382887106
2001-06-26,0.078710540785073
2001-06-27,0.08511064977478333
2001-06-28,0.08977866982562799
2001-06-29,0.10658911461265869
2001-07-02,0.09852067641467471
2001-07-03,0.10427038157466179
2001-07-05,0.07674642172925772
2001-07-06,0.059165019195872026
2001-07-09,0.0658270285587711
2001-07-10,0.04937470290852697
2001-07-11,0.0646278726078624
2001-07-12,0.08731339240292924
2001-07-13,0.07381624454301683
2001-07-16,0.07030270358791924
2001-07-17,0.07536885515206782
2001-07-18,0.05156439599632301
2001-07-19,0.061357461706098904
2001-07-20,0.04732238950820389
2001-07-23,0.042312628234080996
2001-07-24,0.05617887040590175
2001-07-25,0.04619377570664307
2001-07-26,0.04374657214348299
2001-07-27,0.05908952249033028
2001-07-30,0.05384898305650565
2001-07-31,0.04520919505453458
2001-08-01,0.07329810221534805
2001-08-02,0.0839143440444704
2001-08-03,0.07426773109888973
2001-08-06,0.07380047622075592
2001-08-07,0.06689077329289772
2001-08-08,0.04990553780223839
2001-08-09,0.055942903449094805
2001-08-10,0.03716290124035504
2001-08-13,0.05152375519813224
2001-08-14,0.0442241014655711
2001-08-15,0.021796112915764
2001-08-16,0.0314389141535949
2001-08-17,0.009967786906192933
2001-08-20,0.01945427290570967
2001-08-21,-0.006982020964577451
2001-08-22,0.006025798413938133
2001-08-23,-0.0022600620864366983
2001-08-24,0.021215664617984853
2001-08-27,0.02562271527482962
2001-08-28,0.0178675482341617
2001-08-29,0.01531991525222376
2001-08-30,0.005802297970667225
2001-08-31,0.010142896713002836
2001-09-04,-0.013113258550368823
2001-09-05,-0.011275233286536901
2001-09-06,-0.015445593278824998
2001-09-07,-0.0033763266689326166
2001-09-10,-0.0027686804529645226
2001-09-17,-0.013360685933544225
2001-09-18,-0.014778210948307668
2001-09-19,-0.011748072884860128
2001-09-20,-1.0803853029095478e-05
2001-09-21,0.0013144000274787349
2001-09-24,-0.001442437282047071
2001-09-25,-0.009453700136268117
2001-09-26,-0.025565317763174056
2001-09-27,-0.038562395451671505
2001-09-28,-0.0519427634238786
2001-10-01,-0.053920856931439776
2001-10-02,-0.06338122371449306
2001-10-03,-0.04055535027979307
2001-10-04,-0.03302591597793425
2001-10-05,-0.021965299364986035
2001-10-08,-0.01153581609975629
2001-10-09,-0.020407653753725108
2001-10-10,-0.017445711726395308
2001-10-11,0.012004535969392549
2001-10-12,0.013824851538650096
2001-10-15,0.015999240641323853
2001-10-16,0.018873293705702898
2001-10-17,-0.013529303194909192
2001-10-18,0.014845851487157113
2001-10-19,0.013252114256744552
2001-10-22,0.017579641725910755
2001-10-23,0.024189424861682407
2001-10-24,0.03973309196811747
2001-10-25,0.056024326108418676
2001-10-26,0.03467764005943119
2001-10-29,0.01731752259934438
2001-10-30,0.01944010032521659
2001-10-31,0.0282125985490288
2001-11-01,0.038008412934698144
2001-11-02,0.040798747262444146
2001-11-05,0.052526524993023016
2001-11-06,0.0658368843645204
2001-11-07,0.06602997751630546
2001-11-08,0.057854759402858114
2001-11-09,0.05513025672623384
2001-11-12,0.06398135764637536
2001-11-13,0.06997269474914503
2001-11-14,0.07158789641676366
2001-11-15,0.07142454046974855
2001-11-16,0.06911933793389158
2001-11-19,0.0828449433989572
2001-11-20,0.05091530787408938
2001-11-21,0.05221865199017828
2001-11-23,0.05801369484796559
2001-11-26,0.06717673685627856
2001-11-27,0.07375210946433386
2001-11-28,0.06551893850688584
2001-11-29,0.07649011399013916
2001-11-30,0.07268394218835994
2001-12-03,0.06747130070137475
2001-12-04,0.0926319927703434
2001-12-05,0.10430271057780605
2001-12-06,0.10910585664786954
2001-12-07,0.0925266052134186
2001-12-10,0.09495360025166699
2001-12-11,0.10154846578265209
2001-12-12,0.10917488312710566
2001-12-13,0.09023655915316098
2001-12-14,0.09170515430479687
2001-12-17,0.09727853297360722
2001-12-18,0.0928737217412442
2001-12-19,0.07164045662694352
2001-12-20,0.04909909487528574
2001-12-21,0.057872717931478856
2001-12-24,0.05291904911539225
2001-12-26,0.05676281037481201
2001-12-27,0.05422511819029241
2001-12-28,0.05933157976671255
2001-12-31,0.03987963137159045
2002-01-02,0.05987683220416551
2002-01-03,0.07674442919148872
2002-01-04,0.07355145089607507
2002-01-07,0.072266686731153
2002-01-08,0.08151437711119502
2002-01-09,0.07746040406554233
2002-01-10,0.08365412751289503
2002-01-11,0.08072276473643236
2002-01-14,0.07077994944584887
2002-01-15,0.07518950301578875
2002-01-16,0.055291205902508245
2002-01-17,0.06339271408863689
2002-01-18,0.05113076532207572
2002-01-22,0.03507651706385628
2002-01-23,0.04902155497736704
2002-01-24,0.05562216043162749
2002-01-25,0.05171599011102934
2002-01-28,0.057750425303589537
2002-01-29,0.05985898049214455
2002-01-30,0.057225272043320397
2002-01-31,0.04945311303186484
2002-02-01,0.045076248265105145
2002-02-04,0.047063801380112125
2002-02-05,0.038367003918102216
2002-02-06,0.039171552452508474
2002-02-07,0.022001638974417204
2002-02-08,0.029741960662011402
2002-02-11,0.026582167362906528
2002-02-12,0.0226053627415298
2002-02-13,0.024932993506658896
2002-02-14,0.0245318415127308
2002-02-15,0.014454272453862105
2002-02-19,0.01220079431480392
2002-02-20,0.006760330166950768
2002-02-21,-0.01224218832287316
2002-02-22,-0.01596983058307322
2002-02-25,-0.004353561475743728
2002-02-26,-0.01081282001104611
2002-02-27,-0.020518944587294197
2002-02-28,-0.030492407812757638
2002-03-01,-0.014656823171383837
2002-03-04,-0.005548900972170756
2002-03-05,0.004378637210929348
2002-03-06,-0.007673478872507911
2002-03-07,4.870974997006616e-05
2002-03-08,0.012692209014987466
2002-03-11,0.006371504193716682
2002-03-12,-0.0008176239393329343
2002-03-13,-0.009231127003521467
2002-03-14,-0.015090114094507445
2002-03-15,-0.018205026812808
2002-03-18,-0.015229533883870272
2002-03-19,-0.02147707671486232
2002-03-20,-0.03132530346242912
2002-03-21,-0.013162100228446216
2002-03-22,-0.017081492282855493
2002-03-25,-0.023984679151092148
2002-03-26,-0.024374277035810188
2002-03-27,-0.03612481694557357
2002-03-28,-0.025978828687766797
2002-04-01,-0.01311918637980225
2002-04-02,-0.04132167643452067
2002-04-03,-0.02743106837274545
2002-04-04,-0.034695256354023374
2002-04-05,-0.04233505429814144
2002-04-08,-0.034034647741816526
2002-04-09,-0.05458690269013844
2002-04-10,-0.06306889198573717
2002-04-11,-0.05358843317908546
2002-04-12,-0.052667874353716115
2002-04-15,-0.03970126904696836
2002-04-16,-0.033847805579988566
2002-04-17,-0.03530396251318757
2002-04-18,-0.04863553618489358
2002-04-19,-0.04615156866017345
2002-04-22,-0.04834928460145416
2002-04-23,-0.05391293564624544
2002-04-24,-0.05747499134267431
2002-04-25,-0.05915203417145487
2002-04-26,-0.074357021403189
2002-04-29,-0.060918067831692624
2002-04-30,-0.060071483134954806
2002-05-01,-0.07308032476316983
2002-05-02,-0.08796178700948765
2002-05-03,-0.0975084816666516
2002-05-06,-0.09368909326043395
2002-05-07,-0.09222015767271208
2002-05-08,-0.06725248521434501
2002-05-09,-0.07071870873448927
2002-05-10,-0.08292561210422433
2002-05-13,-0.07559279426053289
2002-05-14,-0.061710799858910925
2002-05-15,-0.052580702078539265
2002-05-16,-0.052958475831308194
2002-05-17,-0.06164929217451931
2002-05-20,-0.06373277513655973
2002-05-21,-0.06809974590656742
2002-05-22,-0.07037479899772126
2002-05-23,-0.06982198000941697
2002-05-24,-0.07355079731737613
2002-05-28,-0.06935661708046381
2002-05-29,-0.08048603643411045
2002-05-30,-0.07164951816688225
2002-05-31,-0.08284374534244587
2002-06-03,-0.07761839691098527
2002-06-04,-0.0719693658021282
2002-06-05,-0.07370097714540436
2002-06-06,-0.06866457599652409
2002-06-07,-0.08260558000421536
2002-06-10,-0.08436646929668312
2002-06-11,-0.08577745273295267
2002-06-12,-0.08077882048936869
2002-06-13,-0.07510729043985531
2002-06-14,-0.07527339250032294
2002-06-17,-0.08168088683546004
2002-06-18,-0.07311144328033381
2002-06-19,-0.09473538622863376
2002-06-20,-0.09708600083461516
2002-06-21,-0.09190132416581265
2002-06-24,-0.08603959362758329
2002-06-25,-0.0878228983319288
2002-06-26,-0.08079999712121755
2002-06-27,-0.08372647172922376
2002-06-28,-0.08531703274450753
2002-07-01,-0.09274115936654992
2002-07-02,-0.09014509798051484
2002-07-03,-0.07480650234398734
2002-07-05,-0.07241690851480798
2002-07-08,-0.08753273662464678
2002-07-09,-0.07776596343600195
2002-07-10,-0.06347260665728027
2002-07-11,-0.052296586207230544
2002-07-12,-0.04514317779843202
2002-07-15,-0.02274315037258845
2002-07-16,-0.021050912786565346
2002-07-17,-0.019277424212036043
2002-07-18,-0.011199091656562521
2002-07-19,0.008520788645812072
2002-07-22,0.01725732551272552
2002-07-23,0.018114250727037207
2002-07-24,0.004162703442984861
2002-07-25,-0.02598529901911162
2002-07-26,-0.02397736293607633
2002-07-29,-0.047591362639217705
2002-07-30,-0.04021300128145244
2002-07-31,-0.05307453734326473
2002-08-01,-0.05616393248476281
2002-08-02,-0.045121568310657056
2002-08-05,-0.03151848354219744
2002-08-06,-0.03970214540983674
2002-08-07,-0.0493311017355067
2002-08-08,-0.05930153432600194
2002-08-09,-0.06683641611285862
2002-08-12,-0.06107625138095263
2002-08-13,-0.059425167548719626
2002-08-14,-0.05767607551330156
2002-08-15,-0.061533669512362166
2002-08-16,-0.057075346792964665
2002-08-19,-0.06524458412230194
2002-08-20,-0.055031226606624295
2002-08-21,-0.05366536362786456
2002-08-22,-0.05902105810392044
2002-08-23,-0.05908911303454589
2002-08-26,-0.06432556974708181
2002-08-27,-0.06989523739249615
2002-08-28,-0.0683416903480576
2002-08-29,-0.06667223076540862
2002-08-30,-0.06902596985531495
2002-09-03,-0.04928717280542205
2002-09-04,-0.06331716117580855
2002-09-05,-0.06325238628387775
2002-09-06,-0.06241117739129842
2002-09-09,-0.0668899420028295
2002-09-10,-0.06281073505831936
2002-09-11,-0.06592984182716088
2002-09-12,-0.056453705432236934
2002-09-13,-0.055560217813444224
2002-09-16,-0.062477702562220405
2002-09-17,-0.05454256965180182
2002-09-18,-0.051504740679947925
2002-09-19,-0.03904491721533665
2002-09-20,-0.03553823346710039
2002-09-23,-0.04430476337209577
2002-09-24,-0.02735874511222003
2002-09-25,-0.028286980400510475
2002-09-26,-0.047444042018333965
2002-09-27,-0.030307306185957783
2002-09-30,-0.027737899419609024
2002-10-01,-0.03461960120845564
2002-10-02,-0.02994509199226736
2002-10-03,-0.03361712070280065
2002-10-04,-0.022715624290390868
2002-10-07,-0.007621801687949348
2002-10-08,-0.024060273194524084
2002-10-09,0.0
2002-10-10,-0.003814277372279573
2002-10-11,-0.010692444845948668
2002-10-14,-0.014600490418620549
2002-10-15,-0.03281404115979336
2002-10-16,-0.02288877668718936
2002-10-17,-0.02942445371489044
2002-10-18,-0.026133628764854033
2002-10-21,-0.03406870773632842
2002-10-22,-0.02695495850792884
2002-10-23,-0.02253164602444102
2002-10-24,-0.02185061152662504
2002-10-25,-0.023674314637966987
2002-10-28,-0.017818664451096478
2002-10-29,-0.02346779076086747
2002-10-30,-0.023010057932700723
2002-10-31,-0.014580865189565917
2002-11-01,-0.01538537046987587
2002-11-04,-0.009858544540467529
2002-11-05,-0.013764514749882384
2002-11-06,-0.018246653473314667
2002-11-07,-0.012005548375767172
2002-11-08,-0.01519876475866555
2002-11-11,-0.012593386536750795
2002-11-12,-0.0046360110760994555
2002-11-13,3.262987149277308e-05
2002-11-14,-0.0020668402667942676
2002-11-15,-0.0012384088961870932
2002-11-18,-0.00041510907672859254
2002-11-19,-0.005200440726248923
2002-11-20,0.0014506744518093528
2002-11-21,-0.00011254266731575147
2002-11-22,0.0021966752753259655
2002-11-25,0.0044371270595585655
2002-11-26,0.006689039949224873
2002-11-27,-0.001198629489715608
2002-11-29,-0.0012224292968888717
2002-12-02,0.004467336088409324
2002-12-03,-0.00033363700803001883
2002-12-04,-0.007511809018033722
2002-12-05,-0.007889295095262372
2002-12-06,-0.005108592549818103
2002-12-09,-0.011155438041126953
2002-12-10,-0.015426915565852295
2002-12-11,-0.014171596271824516
2002-12-12,-0.009077376431651074
2002-12-13,-0.013724613986614731
2002-12-16,-0.016442754115847724
2002-12-17,-0.009164274610526602
2002-12-18,-0.009308633516361686
2002-12-19,-0.010052915017351394
2002-12-20,-0.016529580339715855
2002-12-23,-0.010277224834400966
2002-12-24,-0.012467473094686876
2002-12-26,-0.008513446704866201
2002-12-27,-0.004602570637617709
2002-12-30,-0.013284017739663145
2002-12-31,-0.020541019760870194
2003-01-02,-0.028044208263697468
2003-01-03,-0.022716521506765286
2003-01-06,-0.025383808349470294
2003-01-07,-0.014672203076745327
2003-01-08,-0.017744148747958044
2003-01-09,-0.01488921812225863
2003-01-10,-0.009395530127666363
2003-01-13,-0.012387506537051562
2003-01-14,-0.013248333243778387
2003-01-15,-0.00953313544336798
2003-01-16,-0.010399752408596918
2003-01-17,-0.025954970291953705
2003-01-21,-0.014837820330676599
2003-01-22,-0.007356732461105131
2003-01-23,-0.004595556477903662
2003-01-24,0.008047145803711908
2003-01-27,0.015882217187815573
2003-01-28,0.007931150171881618
2003-01-29,0.011349950785898066
2003-01-30,0.015434151746782088
2003-01-31,0.0027919854645391817
2003-02-03,0.0022133694681131244
2003-02-04,0.0056834150122536675
2003-02-05,0.004461759308925783
2003-02-06,0.015318605967289511
2003-02-07,0.015065741791688736
2003-02-10,0.012962260870481246
2003-02-11,0.02273532727580352
2003-02-12,0.0259368840429528
2003-02-13,0.032066782867790744
2003-02-14,0.026248128524629988
2003-02-18,0.02880650606176871
2003-02-19,0.031025411546230952
2003-02-20,0.033989243411678194
2003-02-21,0.028394591417450266
2003-02-24,0.03203007534358371
2003-02-25,0.027419254338910792
2003-02-26,0.026190090812462374
2003-02-27,0.02796087229778743
2003-02-28,0.031437550778694257
2003-03-03,0.030505759316660774
2003-03-04,0.03567322051716659
2003-03-05,0.030939228230802862
2003-03-06,0.035825441612775566
2003-03-07,0.0325025173946637
2003-03-10,0.03971240258188247
2003-03-11,0.04292820802282493
2003-03-12,0.04885786772557921
2003-03-13,0.04988114850608205
2003-03-14,0.051614215494265925
2003-03-17,0.04122075406567638
2003-03-18,0.045417970728443446
2003-03-19,0.0333411217055265
2003-03-20,0.03271642532940755
2003-03-21,0.021427384388549298
2003-03-24,0.02676213693803431
2003-03-25,0.02454125597287471
2003-03-26,0.03185750983561886
2003-03-27,0.02769387296467607
2003-03-28,0.026330827945903912
2003-03-31,0.024712176218485538
2003-04-01,0.02056162286646024
2003-04-02,0.011836287403612644
2003-04-03,0.023288356550979272
2003-04-04,0.01173501768590457
2003-04-07,0.013298636165845257
2003-04-08,0.013033000849271503
2003-04-09,0.010794317334817283
2003-04-10,0.015478781058672175
2003-04-11,0.011661429022776115
2003-04-14,0.006781026309375604
2003-04-15,0.004766605144527425
2003-04-16,0.01548010624312568
2003-04-17,0.01590458026356434
2003-04-21,0.016186942468553678
2003-04-22,0.01000896737522139
2003-04-23,0.006401450527667274
2003-04-24,0.009968855014900968
2003-04-25,0.009923709059090124
2003-04-28,0.0070663362860006185
2003-04-29,0.006865384192899171
2003-04-30,0.0020843244089714386
2003-05-01,0.0072968690162602545
2003-05-02,0.006605068771950107
2003-05-05,0.0072453997155706995
2003-05-06,0.007899851264570712
2003-05-07,0.0033680181242522478
2003-05-08,0.0015366484324089713
2003-05-09,0.0031629675647986133
2003-05-12,-0.0001575481626479025
2003-05-13,-0.0013918177380126684
2003-05-14,-0.00047255941919588373
2003-05-15,-0.0004760230709415225
2003-05-16,-0.003273066476427444
2003-05-19,-0.002134975388011884
2003-05-20,0.0017179322970102273
2003-05-21,-0.0030421906039231894
2003-05-22,-0.003545081858037924
2003-05-23,-0.00641864828684946
2003-05-27,-0.004320955820388717
2003-05-28,-0.00461066073736105
2003-05-29,0.00225734148905965
2003-05-30,-0.006181392716082756
2003-06-02,-0.01366703102025113
2003-06-03,-0.009611752430367604
2003-06-04,-0.015104059985483254
2003-06-05,-0.01593431910484211
2003-06-06,-0.022634387853101123
2003-06-09,-0.018322159187027176
2003-06-10,-0.015237928702328207
2003-06-11,-0.022258649455211832
2003-06-12,-0.022435924594244816
2003-06-13,-0.026153661172076847
2003-06-16,-0.02981681764317623
2003-06-17,-0.03123932579519606
2003-06-18,-0.026792190287836748
2003-06-19,-0.023614517145340908
2003-06-20,-0.023360379001433063
2003-06-23,-0.019370335927655802
2003-06-24,-0.02510193771543001
2003-06-25,-0.022263595348665288
2003-06-26,-0.019975545804532424
2003-06-27,-0.020500809608898996
2003-06-30,-0.013068049408380356
2003-07-01,-0.014882614685598039
2003-07-02,-0.013542197914814147
2003-07-03,-0.015707398931967376
2003-07-07,-0.005731431096021367
2003-07-08,-0.004295624824394939
2003-07-09,-0.0010543588829791117
2003-07-10,0.0007566479581323504
2003-07-11,-0.0036836904241583923
2003-07-14,-0.002820502087319099
2003-07-15,0.0018418817255014819
2003-07-16,0.007577543007263654
2003-07-17,0.00014767608260257692
2003-07-18,-0.00868337970580646
2003-07-21,-0.0014049813703622682
2003-07-22,0.0005879156108097305
2003-07-23,0.0013027588608278684
2003-07-24,-0.0020375120731555008
2003-07-25,-0.0037932022024920187
2003-07-28,-0.0019066265339426902
2003-07-29,0.0005299385180297378
2003-07-30,-0.0022876555597424186
2003-07-31,0.0016700891114613814
2003-08-01,0.006199410922870685
2003-08-04,0.003440251885242329
2003-08-05,-0.00488588218342878
2003-08-06,-0.00676224955957605
2003-08-07,-0.009346140512827117
2003-08-08,-0.01838394298119128
2003-08-11,-0.01383448729606751
2003-08-12,-0.015119634352116718
2003-08-13,-0.009992417985856261
2003-08-14,-0.015556033266791225
2003-08-15,-0.011353607957753087
2003-08-18,-0.0035080577222456055
2003-08-19,0.0005054862840324637
2003-08-20,-0.0002603273579792065
2003-08-21,0.0019760360478269234
2003-08-22,0.010714639947979832
2003-08-25,0.01127199752504715
2003-08-26,0.009350824635073307
2003-08-27,0.011886683806946685
2003-08-28,0.010498714517222063
2003-08-29,0.014419380541904281
2003-09-02,0.00717923019578981
2003-09-03,0.0032989048257260345
2003-09-04,0.006519201540342134
2003-09-05,0.007917794851748927
2003-09-08,0.00945745267046827
2003-09-09,0.00796567488287514
2003-09-10,0.00807896427524768
2003-09-11,0.007821209572288934
2003-09-12,0.007811911911492664
2003-09-15,0.005463325992516199
2003-09-16,0.008821236574362401
2003-09-17,0.009724934915581462
2003-09-18,0.006736020329881742
2003-09-19,0.005467437700679811
2003-09-22,0.007349295274394763
2003-09-23,0.013347131372904664
2003-09-24,0.006199329009615395
2003-09-25,0.003034585712955118
2003-09-26,0.0063074041970830885
2003-09-29,0.008543011358396968
2003-09-30,0.003136880909442308
2003-10-01,-0.0033089907809111807
2003-10-02,-0.004658105198956375
2003-10-03,0.005698525245430686
2003-10-06,0.005091488052995197
2003-10-07,0.0032794450237538797
2003-10-08,0.00396802248712147
2003-10-09,0.005214705565811273
2003-10-10,0.01082552829183614
2003-10-13,0.0068752262052063084
2003-10-14,0.006020880260577122
2003-10-15,0.0037903384862912892
2003-10-16,0.007466436996317327
2003-10-17,0.00152763014136037
2003-10-20,0.008347867035406242
2003-10-21,0.01000864628553344
2003-10-22,0.009095344900134306
2003-10-23,-0.00020298323020351283
2003-10-24,0.0038987555477381086
2003-10-27,0.0024628981663327165
2003-10-28,0.00683218743143188
2003-10-29,0.005445354690243875
2003-10-30,0.009105061004232917
2003-10-31,0.0010483590585310676
2003-11-03,0.0015101545092949253
2003-11-04,0.0005001449061685648
2003-11-05,0.007573826328556632
2003-11-06,0.0045519342055865275
2003-11-07,0.003171345118435309
2003-11-10,-0.00038677709703283103
2003-11-11,-0.0009187771475857032
2003-11-12,-0.00018283003234986772
2003-11-13,-0.0017523854394839722
2003-11-14,-0.006820336971149477
2003-11-17,-0.006325230510276669
2003-11-18,-0.011581693428027728
2003-11-19,-0.014716090753913669
2003-11-20,-0.01523666471375218
2003-11-21,-0.008996877791562885
2003-11-24,-0.007723382039868887
2003-11-25,-0.01064723583341809
2003-11-26,-0.009669371825256845
2003-11-28,-0.01248600636018904
2003-12-01,-0.013464877986158696
2003-12-02,-0.016012668496526827
2003-12-03,-0.02197264129665777
2003-12-04,-0.016749238120101206
2003-12-05,-0.019978757348636855
2003-12-08,-0.024557716839362476
2003-12-09,-0.029293523017772882
2003-12-10,-0.023826777913783737
2003-12-11,-0.023666381570476402
2003-12-12,-0.026979927037040663
2003-12-15,-0.02836049477857905
2003-12-16,-0.03850277835088045
2003-12-17,-0.0387196431619683
2003-12-18,-0.03670266266450439
2003-12-19,-0.04082541765083969
2003-12-22,-0.040731350816664236
2003-12-23,-0.03967802735736714
2003-12-24,-0.03591493469087903
2003-12-26,-0.03917505102809349
2003-12-29,-0.04301882578600513
2003-12-30,-0.04087046012660045
2003-12-31,-0.042229893670620466
2004-01-02,-0.040273694961436624
2004-01-05,-0.041549408190856285
2004-01-06,-0.03870200684355629
2004-01-07,-0.03360006667939941
2004-01-08,-0.030810219382989112
2004-01-09,-0.03163021463357574
2004-01-12,-0.02531279291627453
2004-01-13,-0.027568566536211647
2004-01-14,-0.03516269110798764
2004-01-15,-0.03251246189236323
2004-01-16,-0.03262633365937073
2004-01-20,-0.0352820893087884
2004-01-21,-0.0441661087065196
2004-01-22,-0.04696206257385105
2004-01-23,-0.04639627671032842
2004-01-26,-0.048974782036039666
2004-01-27,-0.05353312712341052
2004-01-28,-0.05387032091657651
2004-01-29,-0.050934813369408305
2004-01-30,-0.052103640990968536
2004-02-02,-0.05991338587495232
2004-02-03,-0.06130450722756464
2004-02-04,-0.06356770442542681
2004-02-05,-0.062106326681300894
2004-02-06,-0.06429725263087183
2004-02-09,-0.06376998885024132
2004-02-10,-0.0674871561514574
2004-02-11,-0.06960207938059804
2004-02-12,-0.07412633712520411
2004-02-13,-0.07380984098742227
2004-02-17,-0.07474910726654826
2004-02-18,-0.06580904033642943
2004-02-19,-0.07168051895558258
2004-02-20,-0.06977482191238105
2004-02-23,-0.07339737918476208
2004-02-24,-0.07510089018041044
2004-02-25,-0.07656777070506549
2004-02-26,-0.07836679689379522
2004-02-27,-0.08101584016119923
2004-03-01,-0.08329640872375732
2004-03-02,-0.08604845151277907
2004-03-03,-0.09171626080370543
2004-03-04,-0.08882583497316276
2004-03-05,-0.09376181313678245
2004-03-08,-0.10350450328453242
2004-03-09,-0.09586019914874744
2004-03-10,-0.08802646759980826
2004-03-11,-0.07815264810546618
2004-03-12,-0.08186845837718615
2004-03-15,-0.07662765095958346
2004-03-16,-0.0814505100652797
2004-03-17,-0.08171002288661744
2004-03-18,-0.08488072023761206
2004-03-19,-0.08546027033875303
2004-03-22,-0.07865543376547424
2004-03-23,-0.08231572240987206
2004-03-24,-0.07266318115167225
2004-03-25,-0.0714289748136625
2004-03-26,-0.07307618103218749
2004-03-29,-0.07499072249356331
2004-03-30,-0.07986997553491804
2004-03-31,-0.08152247138529023
2004-04-01,-0.08183841274656456
2004-04-02,-0.07063120932201905
2004-04-05,-0.07161228008577891
2004-04-06,-0.07906427417548456
2004-04-07,-0.07491084328873376
2004-04-08,-0.07343248505456446
2004-04-12,-0.07323104348458165
2004-04-13,-0.06680543392164373
2004-04-14,-0.06007240892710464
2004-04-15,-0.07298813871770782
2004-04-16,-0.08201214994339212
2004-04-19,-0.07315485794524501
2004-04-20,-0.07248995963807714
2004-04-21,-0.07320067408529674
2004-04-22,-0.0703384652005784
2004-04-23,-0.06518120356113577
2004-04-26,-0.06492641814266698
2004-04-27,-0.07064678045627493
2004-04-28,-0.06676289627512233
2004-04-29,-0.0701858041714335
2004-04-30,-0.07863014516090916
2004-05-03,-0.08372846970934666
2004-05-04,-0.08335604968578425
2004-05-05,-0.08118252608538867
2004-05-06,-0.07667492308484025
2004-05-07,-0.06334286483632612
2004-05-10,-0.05465763068723395
2004-05-11,-0.05743550222690064
2004-05-12,-0.05726168306233348
2004-05-13,-0.06121016502834664
2004-05-14,-0.06610774924271301
2004-05-17,-0.059345633541101894
2004-05-18,-0.062089140671772514
2004-05-19,-0.06144877612211763
2004-05-20,-0.05790873311524536
2004-05-21,-0.05933571550366534
2004-05-24,-0.05744620184648419
2004-05-25,-0.06144182065831871
2004-05-26,-0.05957656873873496
2004-05-27,-0.06362858400893356
2004-05-28,-0.05868325816734021
2004-06-01,-0.06047184036296016
2004-06-02,-0.06751156577497575
2004-06-03,-0.06749376883901326
2004-06-04,-0.06808153167015119
2004-06-07,-0.06724265832747978
2004-06-08,-0.06767287539390554
2004-06-09,-0.06582010993700949
2004-06-10,-0.06572975490723865
2004-06-14,-0.06554044684197535
2004-06-15,-0.06418956519795305
2004-06-16,-0.06618716934506319
2004-06-17,-0.07072912276984589
2004-06-18,-0.07337844306318653
2004-06-21,-0.07576203088356448
2004-06-22,-0.06871497317332942
2004-06-23,-0.07058180515898027
2004-06-24,-0.06890692173989255
2004-06-25,-0.0601601354781911
2004-06-28,-0.06332194183382212
2004-06-29,-0.05765185277260876
2004-06-30,-0.056384914098104644
2004-07-01,-0.056967610219754605
2004-07-02,-0.06009725371089414
2004-07-06,-0.06423630210219045
2004-07-07,-0.06610684786542298
2004-07-08,-0.06447893584016229
2004-07-09,-0.06602743873197414
2004-07-12,-0.07102723816721523
2004-07-13,-0.07300422733903522
2004-07-14,-0.07684337639078942
2004-07-15,-0.07212612088453174
2004-07-16,-0.07736104063133564
2004-07-19,-0.07808709405726644
2004-07-20,-0.06847157823906658
2004-07-21,-0.07412018457053171
2004-07-22,-0.06537705221531342
2004-07-23,-0.06901576715475077
2004-07-26,-0.06808101281275092
2004-07-27,-0.07139391732164568
2004-07-28,-0.07639367683234
2004-07-29,-0.06967533848930985
2004-07-30,-0.07237683830157937
2004-08-02,-0.07461839228704115
2004-08-03,-0.08232195812243004
2004-08-04,-0.07970048102051697
2004-08-05,-0.07513011931198044
2004-08-06,-0.07522126249377237
2004-08-09,-0.0744712424627455
2004-08-10,-0.0779299189024194
2004-08-11,-0.08159996997190799
2004-08-12,-0.08102093223598417
2004-08-13,-0.07867353052515225
2004-08-16,-0.0874219107854538
2004-08-17,-0.08355858220002599
2004-08-18,-0.08472577948227578
2004-08-19,-0.08516205017892153
2004-08-20,-0.08841862005546663
2004-08-23,-0.08414461106515692
2004-08-24,-0.08342746240557286
2004-08-25,-0.08173212872353675
2004-08-26,-0.08784546041417562
2004-08-27,-0.08708642927060561
2004-08-30,-0.08867697020742404
2004-08-31,-0.09303178614142804
2004-09-01,-0.09112795799436313
2004-09-02,-0.09304511618666544
2004-09-03,-0.1034992239708421
2004-09-07,-0.10372406220497699
2004-09-08,-0.10329673360098002
2004-09-09,-0.099996657317596
2004-09-10,-0.09537505720729444
2004-09-13,-0.08813970552692807
2004-09-14,-0.0883903750174293
2004-09-15,-0.089124912527352
2004-09-16,-0.09229420818157863
2004-09-17,-0.09462407994612854
2004-09-20,-0.08831721917470392
2004-09-21,-0.09335769078171263
2004-09-22,-0.08855298132815415
2004-09-23,-0.08602904781432719
2004-09-24,-0.08955124027880135
2004-09-27,-0.08709079265426822
2004-09-28,-0.09400182204874608
2004-09-29,-0.08852053433131968
2004-09-30,-0.08651746162973306
2004-10-01,-0.08202701662347367
2004-10-04,-0.08562942286480446
2004-10-05,-0.0849530944083784
2004-10-06,-0.0863201932412494
2004-10-07,-0.08244305531957363
2004-10-08,-0.08809005207923792
2004-10-11,-0.08620137265396699
2004-10-12,-0.08690110006106633
2004-10-13,-0.0777789646025544
2004-10-14,-0.07145238085466188
2004-10-15,-0.07196032132084562
2004-10-18,-0.06666504536404383
2004-10-19,-0.06150357410354268
2004-10-20,-0.05849731889152909
2004-10-21,-0.05124667449629594
2004-10-22,-0.05778174265507341
2004-10-25,-0.060416125798611
2004-10-26,-0.07132742943383441
2004-10-27,-0.07030517058378061
2004-10-28,-0.06660019266344308
2004-10-29,-0.06897434177678563
2004-11-01,-0.0690179422816789
2004-11-02,-0.06668789339762071
2004-11-03,-0.07485130059228107
2004-11-04,-0.0860889061498622
2004-11-05,-0.08640684804360022
2004-11-08,-0.08389202236354698
2004-11-09,-0.087432527242289
2004-11-10,-0.090529954402362
2004-11-11,-0.08991346686719293
2004-11-12,-0.09276815982448583
2004-11-15,-0.08976224461536586
2004-11-16,-0.08883648768485619
2004-11-17,-0.08202835773607109
2004-11-18,-0.0814189226251999
2004-11-19,-0.07856980310681849
2004-11-22,-0.07993410604524409
2004-11-23,-0.0828687533731931
2004-11-24,-0.081883238208033
2004-11-26,-0.08346873457952819
2004-11-29,-0.0805125763018506
2004-11-30,-0.07939771243775273
2004-12-01,-0.0804973173970418
2004-12-02,-0.07567579173118189
2004-12-03,-0.0757212086333402
2004-12-06,-0.07278445778485398
2004-12-07,-0.07310313290445625
2004-12-08,-0.0734930345809045
2004-12-09,-0.073860542005455
2004-12-10,-0.0780525516030024
2004-12-13,-0.0809538440198308
2004-12-14,-0.08327643617369368
2004-12-15,-0.08865661070556508
2004-12-16,-0.09327346092675631
2004-12-17,-0.09075715942037071
2004-12-20,-0.09274985053996915
2004-12-21,-0.09450393407155683
2004-12-22,-0.09679689951299408
2004-12-23,-0.09904808731984943
2004-12-27,-0.09683742254198618
2004-12-28,-0.09741310704619638
2004-12-29,-0.09785301204370528
2004-12-30,-0.09867604396398905
2004-12-31,-0.09734672031428754
2005-01-03,-0.09386992968002711
2005-01-04,-0.09318504182845588
2005-01-05,-0.09058273218949464
2005-01-06,-0.09947771596260635
2005-01-07,-0.0941189599013249
2005-01-10,-0.09772812274001297
2005-01-11,-0.09594854341129633
2005-01-12,-0.09385842275972467
2005-01-13,-0.09603544082057436
2005-01-14,-0.09703435065195387
2005-01-18,-0.10288853794906827
2005-01-19,-0.10313213395414433
2005-01-20,-0.110341577058784
2005-01-21,-0.10975962315908339
2005-01-24,-0.11458372751115242
2005-01-25,-0.11414631119071106
2005-01-26,-0.11495120286874494
2005-01-27,-0.11582176180384607
2005-01-28,-0.11476013809796903
2005-01-31,-0.11546656464481919
2005-02-01,-0.1243577469713889
2005-02-02,-0.12777192664631748
2005-02-03,-0.13087971566531653
2005-02-04,-0.13485469954065954
2005-02-07,-0.13579938426049926
2005-02-08,-0.13450428850738477
2005-02-09,-0.13641037387473598
2005-02-10,-0.1396875030101264
2005-02-11,-0.13928686085262165
2005-02-14,-0.13418887688514508
2005-02-15,-0.1335804646125598
2005-02-16,-0.1374817051343719
2005-02-17,-0.1432198470714905
2005-02-18,-0.14294928370518806
2005-02-22,-0.13151137472724805
2005-02-23,-0.1400102675164029
2005-02-24,-0.13774338981446094
2005-02-25,-0.14922595979372538
2005-02-28,-0.148886970194736
2005-03-01,-0.14657865409639126
2005-03-02,-0.14925051831010078
2005-03-03,-0.15581356466941848
2005-03-04,-0.16239916852443564
2005-03-07,-0.15471501627509437
2005-03-08,-0.15657701818723413
2005-03-09,-0.1446621938883842
2005-03-10,-0.145720950285261
2005-03-11,-0.147133762763336
2005-03-14,-0.15253025434762985
2005-03-15,-0.1502609932386168
2005-03-16,-0.14772217911647595
2005-03-17,-0.14712844693799948
2005-03-18,-0.14986355746574315
2005-03-21,-0.1453828361752083
2005-03-22,-0.1408547678069163
2005-03-23,-0.13829043747553937
2005-03-24,-0.13951154368738417
2005-03-28,-0.13953769292798368
2005-03-29,-0.13436520827789666
2005-03-30,-0.13806792623308894
2005-03-31,-0.14126695829425884
2005-04-01,-0.1413706515741131
2005-04-04,-0.1392591158637585
2005-04-05,-0.14034764305968306
2005-04-06,-0.14501138761132026
2005-04-07,-0.14474657484649428
2005-04-08,-0.14110476073895528
2005-04-11,-0.1412871893362494
2005-04-12,-0.1433207831789889
2005-04-13,-0.14188325627843235
2005-04-14,-0.13684332157239454
2005-04-15,-0.13664600947356498
2005-04-18,-0.14209091415054131
2005-04-19,-0.1460596243412423
2005-04-20,-0.13428813098912173
2005-04-21,-0.13894351637565472
2005-04-22,-0.1384748778663576
2005-04-25,-0.1466642688858666
2005-04-26,-0.1453550989801632
2005-04-27,-0.14655883351500198
2005-04-28,-0.13831997356635994
2005-04-29,-0.14627147313444655
2005-05-02,-0.14971777223243354
2005-05-03,-0.14477574574907282
2005-05-04,-0.15150888596484047
2005-05-05,-0.14823496579214712
2005-05-06,-0.14687155881683212
2005-05-09,-0.15137987384362428
2005-05-10,-0.14444120863466636
2005-05-11,-0.14440050276611316
2005-05-12,-0.13294306077942064
2005-05-13,-0.12374388509611511
2005-05-16,-0.1277123372516621
2005-05-17,-0.1343671503424101
2005-05-18,-0.1388646955306833
2005-05-19,-0.13758045644368522
2005-05-20,-0.13157635126020745
2005-05-23,-0.13415341740070447
2005-05-24,-0.12991567767588053
2005-05-25,-0.1297211906842386
2005-05-26,-0.12846319446514642
2005-05-27,-0.13067932972891405
2005-05-31,-0.1292839424641598
2005-06-01,-0.13365610000285155
2005-06-02,-0.12944766765020405
2005-06-03,-0.134893656137898
2005-06-06,-0.13637924776082527
2005-06-07,-0.14296481815195583
2005-06-08,-0.1403232042595587
2005-06-09,-0.1441023855926588
2005-06-10,-0.15049629442150647
2005-06-13,-0.14876001173599934
2005-06-14,-0.15438589219452703
2005-06-15,-0.1559935771925905
2005-06-16,-0.15873503789607685
2005-06-17,-0.16353171109879477
2005-06-20,-0.16341851458852324
2005-06-21,-0.1593043041753303
2005-06-22,-0.16412267203249853
2005-06-23,-0.15713925544732282
2005-06-24,-0.15563922770841498
2005-06-27,-0.15962051445133163
2005-06-28,-0.16449426571824854
2005-06-29,-0.1654332207850735
2005-06-30,-0.16212314236741182
2005-07-01,-0.1711248106750965
2005-07-05,-0.17422897581439228
2005-07-06,-0.1665083432294256
2005-07-07,-0.1665904723437271
2005-07-08,-0.16856263132425675
2005-07-11,-0.17003378119621815
2005-07-12,-0.17056808640382215
2005-07-13,-0.16658129412592926
2005-07-14,-0.16344427037680492
2005-07-15,-0.16033468788410932
2005-07-18,-0.157296096552965
2005-07-19,-0.15797128895270895
2005-07-20,-0.15733247966941782
2005-07-21,-0.147476651570348
2005-07-22,-0.1576120860447976
2005-07-25,-0.15719873207744156
2005-07-26,-0.1562890552969386
2005-07-27,-0.15333575844242991
2005-07-28,-0.16046495160708474
2005-07-29,-0.15649096477698787
2005-08-01,-0.15746603093822903
2005-08-02,-0.15724128412924543
2005-08-03,-0.15879930882311905
2005-08-04,-0.15590763644479017
2005-08-05,-0.1480209985507811
2005-08-08,-0.15038478777368142
2005-08-09,-0.15206085223040072
2005-08-10,-0.15926566147592086
2005-08-11,-0.15948115307272853
2005-08-12,-0.15676858290588613
2005-08-15,-0.15716609443293533
2005-08-16,-0.15578950955969073
2005-08-17,-0.14921435086730694
2005-08-18,-0.15477623120630235
2005-08-19,-0.1557671602997852
2005-08-22,-0.15628868446556587
2005-08-23,-0.15559470858762575
2005-08-24,-0.15233838818289058
2005-08-25,-0.15345615009251568
2005-08-26,-0.1477012290531542
2005-08-29,-0.14909744700025984
2005-08-30,-0.15130736362928693
2005-08-31,-0.15823772917679507
2005-09-01,-0.16064409509365635
2005-09-02,-0.1587169746083159
2005-09-06,-0.1627109845400735
2005-09-07,-0.16519821636493726
2005-09-08,-0.16106190200810294
2005-09-09,-0.16566494370811857
2005-09-12,-0.165225193107656
2005-09-13,-0.15845688300981797
2005-09-14,-0.16005149626689286
2005-09-15,-0.1608533980863165
2005-09-16,-0.16597782439509146
2005-09-19,-0.16403772265824007
2005-09-20,-0.1598643947317031
2005-09-21,-0.15574126680942796
2005-09-22,-0.15561080670825655
2005-09-23,-0.1550269543854011
2005-09-26,-0.15804413049398525
2005-09-27,-0.1590011218308338
2005-09-28,-0.1612582970007937
2005-09-29,-0.15840643059140325
2005-09-30,-0.16068411306245517
2005-10-03,-0.15647600218491398
2005-10-04,-0.14527111757729827
2005-10-05,-0.13791122356755003
2005-10-06,-0.14036089853230993
2005-10-07,-0.14567106070758662
2005-10-10,-0.1383458251824664
2005-10-11,-0.14009305729359206
2005-10-12,-0.13690330049937283
2005-10-13,-0.13056742554308792
2005-10-14,-0.13678979842058459
2005-10-17,-0.13975545007649853
2005-10-18,-0.1327513073737845
2005-10-19,-0.1362091110346237
2005-10-20,-0.1254144953512294
2005-10-21,-0.12241841704492534
2005-10-24,-0.13266418076123765
2005-10-25,-0.13204323123819095
2005-10-26,-0.12868455511095234
2005-10-27,-0.1298283221970561
2005-10-28,-0.145146120608996
2005-10-31,-0.1431776451689381
2005-11-01,-0.14267308779903237
2005-11-02,-0.1447818714289999
2005-11-03,-0.14006701459523035
2005-11-04,-0.13653043058391234
2005-11-07,-0.1356608287715954
2005-11-08,-0.13449821029500086
2005-11-09,-0.1348354695890781
2005-11-10,-0.13785671951248302
2005-11-11,-0.1393245815850475
2005-11-14,-0.13647574711629162
2005-11-15,-0.13670290880987335
2005-11-16,-0.1327343277354257
2005-11-17,-0.1328777656159832
2005-11-18,-0.13807827921997556
2005-11-21,-0.14545527803649244
2005-11-22,-0.14816576877348397
2005-11-23,-0.1492749118122772
2005-11-25,-0.1517357135567987
2005-11-28,-0.14680743078890274
2005-11-29,-0.15047505645336473
2005-11-30,-0.14784621102871598
2005-12-01,-0.1482429100439157
2005-12-02,-0.1442252499318739
2005-12-05,-0.15003450173128186
2005-12-06,-0.14725814430605577
2005-12-07,-0.14173484445731116
2005-12-08,-0.14904274968631553
2005-12-09,-0.1485016919620748
2005-12-12,-0.14665210040321114
2005-12-13,-0.1496970755274482
2005-12-14,-0.15836181716837716
2005-12-15,-0.1525100887354115
2005-12-16,-0.15598984995592363
2005-12-19,-0.15975311082736682
2005-12-20,-0.1621548610125773
2005-12-21,-0.16061052667815073
2005-12-22,-0.16191780942696382
2005-12-23,-0.16439935215701607
2005-12-27,-0.15830372172565216
2005-12-28,-0.1610832241356363
2005-12-29,-0.16166537065150421
2005-12-30,-0.16290634236623291
2006-01-03,-0.16306590762199547
2006-01-04,-0.1638573573273887
2006-01-05,-0.1600343764237413
2006-01-06,-0.15610658957959
2006-01-09,-0.15917529323020568
2006-01-10,-0.15872958320881692
2006-01-11,-0.1563006839509743
2006-01-12,-0.1531262007971036
2006-01-13,-0.15584193568968213
2006-01-17,-0.1564451231525798
2006-01-18,-0.160364098913994
2006-01-19,-0.16198584610088262
2006-01-20,-0.1654857955874131
2006-01-23,-0.16813654038938725
2006-01-24,-0.17080238200890685
2006-01-25,-0.17214429762377148
2006-01-26,-0.17457446475372812
2006-01-27,-0.17241269470819331
2006-01-30,-0.17281277622725177
2006-01-31,-0.17131386112836283
2006-02-01,-0.17480789030380606
2006-02-02,-0.1754054655601449
2006-02-03,-0.18070311735368855
2006-02-06,-0.18513918495733211
2006-02-07,-0.17521990503991597
2006-02-08,-0.17649819418224227
2006-02-09,-0.18249172590127527
2006-02-10,-0.1798529430367491
2006-02-13,-0.18468363505600344
2006-02-14,-0.18742687317020434
2006-02-15,-0.18934748592646433
2006-02-16,-0.19425543754513214
2006-02-17,-0.1993559570848079
2006-02-21,-0.20321052136105383
2006-02-22,-0.20172943408243404
2006-02-23,-0.2013939232743619
2006-02-24,-0.2024928494221761
2006-02-27,-0.1990217883435444
2006-02-28,-0.19596609407555154
2006-03-01,-0.19628700053722214
2006-03-02,-0.19355075065961302
2006-03-03,-0.19521217237150307
2006-03-06,-0.19331566666589067
2006-03-07,-0.19497808836689579
2006-03-08,-0.19550784892949336
2006-03-09,-0.1968344963690578
2006-03-10,-0.20495645857271605
2006-03-13,-0.20736910540457215
2006-03-14,-0.20626375116462203
2006-03-15,-0.2081831318559545
2006-03-16,-0.2169527469233858
2006-03-17,-0.21807132316703853
2006-03-20,-0.214037073207353
2006-03-21,-0.21346504021714513
2006-03-22,-0.22088252994636126
2006-03-23,-0.2215248980075103
2006-03-24,-0.21983702797757276
2006-03-27,-0.21847563436575496
2006-03-28,-0.21328218849155778
2006-03-29,-0.20857310638014576
2006-03-30,-0.20236321487559206
2006-03-31,-0.20453113639552856
2006-04-03,-0.20251113852265662
2006-04-04,-0.20413179586030927
2006-04-05,-0.20405342553045713
2006-04-06,-0.1992046680708751
2006-04-07,-0.19298629548177665
2006-04-10,-0.19541054001196073
2006-04-11,-0.18961850606267178
2006-04-12,-0.1930436546612707
2006-04-13,-0.19134421102830096
2006-04-17,-0.1962937492518687
2006-04-18,-0.2049436738193885
2006-04-19,-0.20416029570834948
2006-04-20,-0.20983759215013092
2006-04-21,-0.2191263495272352
2006-04-24,-0.21576449418274146
2006-04-25,-0.210401789877456
2006-04-26,-0.21463455345766563
2006-04-27,-0.21111104232821443
2006-04-28,-0.22193153428284912
2006-05-01,-0.22107425767320527
2006-05-02,-0.22811729161268973
2006-05-03,-0.22537167775327094
2006-05-04,-0.2240791699355837
2006-05-05,-0.23238284740810233
2006-05-08,-0.22885155026442977
2006-05-09,-0.2347420018082303
2006-05-10,-0.2387782623063811
2006-05-11,-0.23901662745192337
2006-05-12,-0.23079569593966653
2006-05-15,-0.233539434369548
2006-05-16,-0.2372360279245338
2006-05-17,-0.22784534575553134
2006-05-18,-0.22286214894489081
2006-05-19,-0.22318605103347744
2006-05-22,-0.22379691549811948
2006-05-23,-0.22364168416663316
2006-05-24,-0.22060399907375522
2006-05-25,-0.22699480576173364
2006-05-26,-0.23457020157966246
2006-05-30,-0.22755695741032117
2006-05-31,-0.23847318293561864
2006-06-01,-0.23634027288444653
2006-06-02,-0.24038038687213859
2006-06-05,-0.23530199799892393
2006-06-06,-0.2300051745345697
2006-06-07,-0.22678752436575284
2006-06-08,-0.22787219763728694
2006-06-09,-0.22859089981585795
2006-06-12,-0.22596112872245144
2006-06-13,-0.21383274489403753
2006-06-14,-0.2124566834582154
2006-06-15,-0.22313190725804533
2006-06-16,-0.22208829325016877
2006-06-19,-0.21604629888798932
2006-06-20,-0.2124938775340402
2006-06-21,-0.2165801624823317
2006-06-22,-0.21908403510470076
2006-06-23,-0.2207038399794805
2006-06-26,-0.22588002933876328
2006-06-27,-0.22581979013054643
2006-06-28,-0.22812798163399411
2006-06-29,-0.2348022544099262
2006-06-30,-0.2386518187665746
2006-07-03,-0.24490663485968883
2006-07-05,-0.2504941627638611
2006-07-06,-0.25730321293496045
2006-07-07,-0.25393581924425856
2006-07-10,-0.26383821245994044
2006-07-11,-0.2617268900383061
2006-07-12,-0.26222182904564856
2006-07-13,-0.2533068817730341
2006-07-14,-0.25368268428686386
2006-07-17,-0.2486915764555659
2006-07-18,-0.24959926930227516
2006-07-19,-0.2659328243478561
2006-07-20,-0.2618515171228002
2006-07-21,-0.26166963750446853
2006-07-24,-0.27059273678593804
2006-07-25,-0.2749661831463392
2006-07-26,-0.2742589991887233
2006-07-27,-0.2770573427177725
2006-07-28,-0.2737687097247465
2006-07-31,-0.2747513763195189
2006-08-01,-0.2785208016902137
2006-08-02,-0.27979369881116306
2006-08-03,-0.2777842464510533
2006-08-04,-0.27967121672314826
2006-08-07,-0.2801631679002028
2006-08-08,-0.2806353864431032
2006-08-09,-0.2726520830159335
2006-08-10,-0.2734646190086288
2006-08-11,-0.27092229964565884
2006-08-14,-0.2688928410701513
2006-08-15,-0.269099844916549
2006-08-16,-0.2647750832552648
2006-08-17,-0.26275832377230374
2006-08-18,-0.2672476715057395
2006-08-21,-0.2703135754332646
2006-08-22,-0.26952387435702274
2006-08-23,-0.26935030832819457
2006-08-24,-0.2685476682613564
2006-08-25,-0.26667487038948523
2006-08-28,-0.26992408505510684
2006-08-29,-0.2721760988439315
2006-08-30,-0.2698846663949322
2006-08-31,-0.27131233250008086
2006-09-01,-0.27261225751241913
2006-09-05,-0.2676035702157114
2006-09-06,-0.2694166218667243
2006-09-07,-0.2645959501340646
2006-09-08,-0.26719890255050366
2006-09-11,-0.2620938585818838
2006-09-12,-0.2638845652888697
2006-09-13,-0.26409940283208555
2006-09-14,-0.26190328022156534
2006-09-15,-0.26193552720539925
2006-09-18,-0.26153049007339646
2006-09-19,-0.2634331188868669
2006-09-20,-0.26089113085423254
2006-09-21,-0.25833150610258565
2006-09-22,-0.260508109266834
2006-09-25,-0.2582955680922177
2006-09-26,-0.26312890295434405
2006-09-27,-0.26612369415545495
2006-09-28,-0.26494026503058277
2006-09-29,-0.2654906947013271
2006-10-02,-0.2703617081813332
2006-10-03,-0.2671290483593656
2006-10-04,-0.2643946773964235
2006-10-05,-0.2688231286535256
2006-10-06,-0.2674576307570484
2006-10-09,-0.26563566164817154
2006-10-10,-0.2681991767196966
2006-10-11,-0.2660417913372728
2006-10-12,-0.26685651815038863
2006-10-13,-0.26813756853569204
2006-10-16,-0.27172551164035197
2006-10-17,-0.27497328017049605
2006-10-18,-0.27980806615026366
2006-10-19,-0.28019009354983404
2006-10-20,-0.2774817805634618
2006-10-23,-0.2760506952333188
2006-10-24,-0.2853109576831184
2006-10-25,-0.2831913693556364
2006-10-26,-0.28299802532714174
2006-10-27,-0.28478615778471106
2006-10-30,-0.27807426141556024
2006-10-31,-0.2765252163797395
2006-11-01,-0.2743942809190462
2006-11-02,-0.27219146541297395
2006-11-03,-0.2727959865588724
2006-11-06,-0.27776287053161886
2006-11-07,-0.2775743390934382
2006-11-08,-0.27698404373501084
2006-11-09,-0.27313448903349985
2006-11-10,-0.27215813426818813
2006-11-13,-0.26665448182888285
2006-11-14,-0.26960166097750105
2006-11-15,-0.27194823119257394
2006-11-16,-0.2700269920425117
2006-11-17,-0.2702201372787948
2006-11-20,-0.2698492893979145
2006-11-21,-0.2708875303164394
2006-11-22,-0.27033272062625857
2006-11-24,-0.26721011524103677
2006-11-27,-0.2641946996162413
2006-11-28,-0.26509563990391094
2006-11-29,-0.27530871532652756
2006-11-30,-0.27806966155409707
2006-12-01,-0.2842273041059533
2006-12-04,-0.28419518834790647
2006-12-05,-0.28812461940001943
2006-12-06,-0.29056500168072485
2006-12-07,-0.2968865215090828
2006-12-08,-0.29378781314364344
2006-12-11,-0.2940495744253908
2006-12-12,-0.2951453620820885
2006-12-13,-0.29595107081342403
2006-12-14,-0.29748908308142
2006-12-15,-0.29718174090155075
2006-12-18,-0.2988366886584599
2006-12-19,-0.3054884830972191
2006-12-20,-0.30709621794867087
2006-12-21,-0.30749971680324695
2006-12-22,-0.3093366680744666
2006-12-26,-0.3161600187049004
2006-12-27,-0.32271170529060866
2006-12-28,-0.32369877829425675
2006-12-29,-0.31683806680960813
2007-01-03,-0.31261456007459293
2007-01-04,-0.2984356353873463
2007-01-05,-0.28934500219438697
2007-01-08,-0.29451905605921264
2007-01-09,-0.28983139565658256
2007-01-10,-0.283789616592627
2007-01-11,-0.2854212469675681
2007-01-12,-0.2904041788656031
2007-01-16,-0.2898804297312225
2007-01-17,-0.2958258190553616
2007-01-18,-0.30459856635538196
2007-01-19,-0.3106267191040537
2007-01-22,-0.3127155299459812
2007-01-23,-0.32126052456299664
2007-01-24,-0.32045305717168415
2007-01-25,-0.3124440158223363
2007-01-26,-0.3168228472046943
2007-01-29,-0.3167449559947866
2007-01-30,-0.323489110780647
2007-01-31,-0.32651659624805657
2007-02-01,-0.33730994787354657
2007-02-02,-0.33739016549467743
2007-02-05,-0.33610977454389845
2007-02-06,-0.33932699538963024
2007-02-07,-0.33700482798038023
2007-02-08,-0.3337294651782433
2007-02-09,-0.33366612690117803
2007-02-12,-0.332056762244903
2007-02-13,-0.34145611634406137
2007-02-14,-0.337703114647739
2007-02-15,-0.333132166505441
2007-02-16,-0.33690948932748727
2007-02-20,-0.33509100384772084
2007-02-21,-0.33210788517361056
2007-02-22,-0.32720686451342873
2007-02-23,-0.32441332867767203
2007-02-26,-0.32348243799719556
2007-02-27,-0.30379678556449075
2007-02-28,-0.3153478217193685
2007-03-01,-0.3139888728866106
2007-03-02,-0.3063289443293288
2007-03-05,-0.2939810324303686
2007-03-06,-0.3081344559292366
2007-03-07,-0.308849551618553
2007-03-08,-0.31274818275723393
2007-03-09,-0.3176687682016966
2007-03-12,-0.31538525310400384
2007-03-13,-0.3001459316696295
2007-03-14,-0.29875602578885885
2007-03-15,-0.30418130669394833
2007-03-16,-0.30139694027071706
2007-03-19,-0.30868106792482075
2007-03-20,-0.31214864931088926
2007-03-21,-0.32117548924990835
2007-03-22,-0.32574944911976694
2007-03-23,-0.3294540285757647
2007-03-26,-0.3232814082527129
2007-03-27,-0.32405445732473037
2007-03-28,-0.32337374603043545
2007-03-29,-0.32289174477845295
2007-03-30,-0.3264686646719453
2007-04-02,-0.3271347522893057
2007-04-03,-0.33229870746117207
2007-04-04,-0.3292387039292217
2007-04-05,-0.3286340564550808
2007-04-09,-0.33370346389217154
2007-04-10,-0.3309398343601595
2007-04-11,-0.33395694549414645
2007-04-12,-0.33272081247878343
2007-04-13,-0.3378066567652112
2007-04-16,-0.34599245898596465
2007-04-17,-0.34736305521643995
2007-04-18,-0.3527016598790013
2007-04-19,-0.34660369066427804
2007-04-20,-0.35645036671660135
2007-04-23,-0.3524274954935782
2007-04-24,-0.34596693199417317
2007-04-25,-0.34755385527195154
2007-04-26,-0.34321407977763785
2007-04-27,-0.3418145753318472
2007-04-30,-0.33828306604470426
2007-05-01,-0.3432213520380287
2007-05-02,-0.34520830638940286
2007-05-03,-0.34897685524715366
2007-05-04,-0.3529879217805581
2007-05-07,-0.35590707723857096
2007-05-08,-0.3498832521304195
2007-05-09,-0.3533938531660167
2007-05-10,-0.34894457746788143
2007-05-11,-0.34959583491606516
2007-05-14,-0.3540840254616538
2007-05-15,-0.3590356121608711
2007-05-16,-0.3581978676959014
2007-05-17,-0.36172001736644055
2007-05-18,-0.36646032769335174
2007-05-21,-0.36453885704977335
2007-05-22,-0.3632966442409791
2007-05-23,-0.36798747384304736
2007-05-24,-0.3643715154263262
2007-05-25,-0.36694474145129213
2007-05-29,-0.3641327410007169
2007-05-30,-0.3710131834432503
2007-05-31,-0.3690468607223777
2007-06-01,-0.3742446606497018
2007-06-04,-0.3743718874474651
2007-06-05,-0.3648383741430625
2007-06-06,-0.35703262681336295
2007-06-07,-0.3381575518989459
2007-06-08,-0.34857502654724515
2007-06-11,-0.3547750730837352
2007-06-12,-0.3412869774575953
2007-06-13,-0.35551306836912444
2007-06-14,-0.36271749531428027
2007-06-15,-0.3607878538514802
2007-06-18,-0.3594060434325743
2007-06-19,-0.36273388902624976
2007-06-20,-0.3480127734863483
2007-06-21,-0.3475932653610013
2007-06-22,-0.3422133711352213
2007-06-25,-0.3334449594276723
2007-06-26,-0.3322017987841677
2007-06-27,-0.3349326279646179
2007-06-28,-0.3339147655235027
2007-06-29,-0.3306448255239358
2007-07-02,-0.3402195590677156
2007-07-03,-0.34147022738977595
2007-07-05,-0.3343920646270469
2007-07-06,-0.33695988033916413
2007-07-09,-0.33866407397148046
2007-07-10,-0.3220227330767644
2007-07-11,-0.324159826586961
2007-07-12,-0.3368649274696449
2007-07-13,-0.335664768351034
2007-07-16,-0.3336073495111631
2007-07-17,-0.3262795968506778
2007-07-18,-0.32482493164031306
2007-07-19,-0.3274833845785301
2007-07-20,-0.3144958856075327
2007-07-23,-0.32031858955452847
2007-07-24,-0.30427527574228364
2007-07-25,-0.30356244679807126
2007-07-26,-0.2679946255972556
2007-07-27,-0.26138834247255727
2007-07-30,-0.27287358726817335
2007-07-31,-0.27647717741508565
2007-08-01,-0.27326843842069815
2007-08-02,-0.27462151550875535
2007-08-03,-0.25831652722543635
2007-08-06,-0.26552469779452514
2007-08-07,-0.2738940930446968
2007-08-08,-0.2871930217043624
2007-08-09,-0.26911978771548023
2007-08-10,-0.27907694783557274
2007-08-13,-0.2701001739293928
2007-08-14,-0.261800020606193
2007-08-15,-0.2499338123404456
2007-08-16,-0.2706682363948969
2007-08-17,-0.2863001109907166
2007-08-20,-0.28492493602326385
2007-08-21,-0.27700802455951123
2007-08-22,-0.2838588260861923
2007-08-23,-0.2821411364369731
2007-08-24,-0.2877639985392739
2007-08-27,-0.2817029286996039
2007-08-28,-0.26911603684162533
2007-08-29,-0.27235716095423146
2007-08-30,-0.2599909352291596
2007-08-31,-0.266827322953747
2007-09-04,-0.27063529537631625
2007-09-05,-0.26138331480799215
2007-09-06,-0.27043985053426717
2007-09-07,-0.2625162761035993
2007-09-10,-0.25729624252286276
2007-09-11,-0.2635936862021256
2007-09-12,-0.2667002958023017
2007-09-13,-0.27095364457774507
2007-09-14,-0.27205290358906503
2007-09-17,-0.27181803238145186
2007-09-18,-0.29302999110016376
2007-09-19,-0.3023660918837472
2007-09-20,-0.2946115091624356
2007-09-21,-0.29345477789300267
2007-09-24,-0.28405314656802366
2007-09-25,-0.26874319446791345
2007-09-26,-0.27380248932141493
2007-09-27,-0.27825622737359956
2007-09-28,-0.2750194212960448
2007-10-01,-0.28458956795549734
2007-10-02,-0.28653315213772607
2007-10-03,-0.2879423429264617
2007-10-04,-0.2887147208020829
2007-10-05,-0.285912667391753
2007-10-08,-0.27259096142001743
2007-10-09,-0.2808222502569064
2007-10-10,-0.27569275182396424
2007-10-11,-0.2861906327776479
2007-10-12,-0.27546234221584437
2007-10-15,-0.27185716663068804
2007-10-16,-0.2616987962720204
2007-10-17,-0.2512989889582664
2007-10-18,-0.24501597023637187
2007-10-19,-0.22654837691929242
2007-10-22,-0.22270813544633244
2007-10-23,-0.21156403399699342
2007-10-24,-0.2193367379908785
2007-10-25,-0.2376510118094911
2007-10-26,-0.23534004697175762
2007-10-29,-0.2361360146189222
2007-10-30,-0.22260644390868897
2007-10-31,-0.228921055423716
2007-11-01,-0.20363774137488366
2007-11-02,-0.19780888843074923
2007-11-05,-0.1935122762746861
2007-11-06,-0.20088870758225003
2007-11-07,-0.1863261504836815
2007-11-08,-0.2154209889199099
2007-11-09,-0.22979842338931644
2007-11-12,-0.2369055183288126
2007-11-13,-0.2426381182300388
2007-11-14,-0.24455033554520172
2007-11-15,-0.23030728100662962
2007-11-16,-0.22519380913079068
2007-11-19,-0.2105066299582876
2007-11-20,-0.21447602721221562
2007-11-21,-0.1982371154525106
2007-11-23,-0.2122249719867234
2007-11-26,-0.19469047322603836
2007-11-27,-0.19279440930610908
2007-11-28,-0.21251899016864906
2007-11-29,-0.20900029789417468
2007-11-30,-0.2302721442523029
2007-12-03,-0.22866473926127934
2007-12-04,-0.22255466186166278
2007-12-05,-0.2258815191453713
2007-12-06,-0.2398982161687012
2007-12-07,-0.23811603558052463
2007-12-10,-0.24697055086715775
2007-12-11,-0.22221265986740057
2007-12-12,-0.2284772729623204
2007-12-13,-0.23563182539280422
2007-12-14,-0.222820756817114
2007-12-17,-0.22340216544702185
2007-12-18,-0.23155871080626347
2007-12-19,-0.22843667398051512
2007-12-20,-0.21999852614123727
2007-12-21,-0.2273982813375935
2007-12-24,-0.22514229421383386
2007-12-26,-0.22547136875857454
2007-12-27,-0.21443319802037436
2007-12-28,-0.21491098261538114
2007-12-31,-0.21434135038742422
2008-01-02,-0.21372898416192004
2008-01-03,-0.20983167847984766
2008-01-04,-0.21374864435098775
2008-01-07,-0.22043636200729286
2008-01-08,-0.21544023881167332
2008-01-09,-0.21553687956767542
2008-01-10,-0.22585909527349596
2008-01-11,-0.2240862960946928
2008-01-14,-0.221530007790239
2008-01-15,-0.21074241903428442
2008-01-16,-0.2159133757775562
2008-01-17,-0.18389592684929068
2008-01-18,-0.17926914873074068
2008-01-22,-0.1851681694708313
2008-01-23,-0.2228775354206743
2008-01-24,-0.21880828322364648
2008-01-25,-0.21739551697574488
2008-01-28,-0.233764546420331
2008-01-29,-0.2436760963907159
2008-01-30,-0.23468388429123901
2008-01-31,-0.2452276098180157
2008-02-01,-0.26100294375590205
2008-02-04,-0.2565598183438135
2008-02-05,-0.24078076857639163
2008-02-06,-0.24517583829292894
2008-02-07,-0.24999137993775142
2008-02-08,-0.2320338137159928
2008-02-11,-0.23223168244308484
2008-02-12,-0.24880099409271342
2008-02-13,-0.24699570276541297
2008-02-14,-0.24441407679116442
2008-02-15,-0.24821044155715785
2008-02-19,-0.2514963249671902
2008-02-20,-0.2590396245527221
2008-02-21,-0.24615283818206649
2008-02-22,-0.2671564576386051
2008-02-25,-0.2725002320193704
2008-02-26,-0.2800945764883786
2008-02-27,-0.2736199317301683
2008-02-28,-0.26307169728376667
2008-02-29,-0.24868355803110587
2008-03-03,-0.2536835814861194
2008-03-04,-0.24343238671101847
2008-03-05,-0.24702002770770892
2008-03-06,-0.23246070125434282
2008-03-07,-0.22238545646569652
2008-03-10,-0.21547063008078793
2008-03-11,-0.2327330557490877
2008-03-12,-0.2230865348679278
2008-03-13,-0.2250936745559935
2008-03-14,-0.2118416248508465
2008-03-17,-0.21116283425832522
2008-03-18,-0.2315013311329634
2008-03-19,-0.2206888917332826
2008-03-20,-0.23551760571370312
2008-03-24,-0.22877057426664926
2008-03-25,-0.22876341899677058
2008-03-26,-0.22086225976200646
2008-03-27,-0.2238388070882888
2008-03-28,-0.2156860965176023
2008-03-31,-0.21907489734882313
2008-04-01,-0.23090552108187362
2008-04-02,-0.23284670741297664
2008-04-03,-0.2348617506691461
2008-04-04,-0.23027342721584632
2008-04-07,-0.2341931327645757
2008-04-08,-0.23713008535423938
2008-04-09,-0.23201469000902003
2008-04-10,-0.22643628387325107
2008-04-11,-0.22311998585429088
2008-04-14,-0.22166133828191414
2008-04-15,-0.22730147497245112
2008-04-16,-0.23561095337981408
2008-04-17,-0.23676059606994618
2008-04-18,-0.23583178731129295
2008-04-21,-0.22580504983716368
2008-04-22,-0.22752444539999916
2008-04-23,-0.22057236883894787
2008-04-24,-0.21989654926241498
2008-04-25,-0.23532228565630994
2008-04-28,-0.23379270698810645
2008-04-29,-0.21936612351786797
2008-04-30,-0.21880568919198692
2008-05-01,-0.21403750401037797
2008-05-02,-0.21669461305829624
2008-05-05,-0.21513973739214318
2008-05-06,-0.2225701106345892
2008-05-07,-0.21351534312077858
2008-05-08,-0.21016926499737565
2008-05-09,-0.20631948019129862
2008-05-12,-0.20549800176533206
2008-05-13,-0.2044987982844978
2008-05-14,-0.21159819404529
2008-05-15,-0.21080987533478
2008-05-16,-0.21470169655172405
2008-05-19,-0.22141292399696824
2008-05-20,-0.21687982090323082
2008-05-21,-0.21408247058517374
2008-05-22,-0.21460075488570238
2008-05-23,-0.1998070845652239
2008-05-27,-0.19290240879855436
2008-05-28,-0.19535030614534574
2008-05-29,-0.19582955609538935
2008-05-30,-0.18997420258022768
2008-06-02,-0.19075717438558462
2008-06-03,-0.18861864080197624
2008-06-04,-0.17455092409102205
2008-06-05,-0.1889085682224517
2008-06-06,-0.17532899525811832
2008-06-09,-0.1802966846802366
2008-06-10,-0.18125918829129734
2008-06-11,-0.18017306458106733
2008-06-12,-0.1828612503391497
2008-06-13,-0.18489535707730115
2008-06-16,-0.17826994601075632
2008-06-17,-0.17572038984722174
2008-06-18,-0.17299505861121617
2008-06-19,-0.16209697594623113
2008-06-20,-0.16138244999115528
2008-06-23,-0.16910514820846528
2008-06-24,-0.1655384972949172
2008-06-25,-0.1605462469576286
2008-06-26,-0.15950677777232136
2008-06-27,-0.1537697506469562
2008-06-30,-0.16147203130408894
2008-07-01,-0.15173000601805914
2008-07-02,-0.1478707857519891
2008-07-03,-0.14699975667149456
2008-07-07,-0.12770781291537242
2008-07-08,-0.13163317129276603
2008-07-09,-0.12614889802531037
2008-07-10,-0.12633137928072646
2008-07-11,-0.1292225496769232
2008-07-14,-0.12217661328838947
2008-07-15,-0.10447485856605687
2008-07-16,-0.11848936527245801
2008-07-17,-0.12736953906195148
2008-07-18,-0.14944609903027206
2008-07-21,-0.14855881241408542
2008-07-22,-0.16922586617567548
2008-07-23,-0.16335381655579218
2008-07-24,-0.14194020686990144
2008-07-25,-0.13449329347996292
2008-07-28,-0.12903968455646908
2008-07-29,-0.14134173555962948
2008-07-30,-0.1592715872738774
2008-07-31,-0.14334412529744567
2008-08-01,-0.14920086409568356
2008-08-04,-0.1439281164725696
2008-08-05,-0.15017499978651483
2008-08-06,-0.14194902522267544
2008-08-07,-0.1256092595144206
2008-08-08,-0.13433388228247983
2008-08-11,-0.13764898941593967
2008-08-12,-0.12127847729383279
2008-08-13,-0.1222260599913545
2008-08-14,-0.12019137826445392
2008-08-15,-0.12529670154134992
2008-08-18,-0.1174105953545852
2008-08-19,-0.11493706990230423
2008-08-20,-0.12176924345058754
2008-08-21,-0.1278699973094175
2008-08-22,-0.1324841387002788
2008-08-25,-0.1248757105069469
2008-08-26,-0.12953690413189728
2008-08-27,-0.1380198801365427
2008-08-28,-0.15035492506244824
2008-08-29,-0.15385892548414842
2008-09-02,-0.1583090426857247
2008-09-03,-0.1647302744731421
2008-09-04,-0.15087044888568524
2008-09-05,-0.1613280882586784
2008-09-08,-0.19026390068591298
2008-09-09,-0.15967959915230295
2008-09-10,-0.1607331916474593
2008-09-11,-0.1630850995736844
2008-09-12,-0.17049928470864578
2008-09-15,-0.13600287828156266
2008-09-16,-0.1486129943011803
2008-09-17,-0.13608544850256205
2008-09-18,-0.15824577910755477
2008-09-19,-0.18678904535503865
2008-09-22,-0.17719433380319372
2008-09-23,-0.16674377281122027
2008-09-24,-0.15495777108325665
2008-09-25,-0.1647888114903644
2008-09-26,-0.17857550642573583
2008-09-29,-0.14699992064027506
2008-09-30,-0.18632979372471747
2008-10-01,-0.17235624588112658
2008-10-02,-0.1465640508108026
2008-10-03,-0.14020938878564804
2008-10-06,-0.13135439657115044
2008-10-07,-0.09265985343135208
2008-10-08,-0.08725037281321191
2008-10-09,-0.02404623519908733
2008-10-10,-0.026533319146428647
2008-10-13,-0.054512663316769294
2008-10-14,-0.07529182857863825
2008-10-15,-0.035567460428395536
2008-10-16,-0.04632126346081933
2008-10-17,-0.03668160675594845
2008-10-20,-0.07049964734889258
2008-10-21,-0.07121113086026565
2008-10-22,-0.027169218915977233
2008-10-23,-0.03612701289906506
2008-10-24,-0.01879266089318199
2008-10-27,-0.0010254089116397136
2008-10-28,-0.027542632611461948
2008-10-29,-0.02187041867908479
2008-10-30,-0.03709187219413235
2008-10-31,-0.057579046622365904
2008-11-03,-0.05788006516610533
2008-11-04,-0.07428974212835537
2008-11-05,-0.05569707033643023
2008-11-06,-0.03422825995844181
2008-11-07,-0.04947807493291401
2008-11-10,-0.03831359913447241
2008-11-11,-0.03210465087317582
2008-11-12,-0.010577410744475935
2008-11-13,-0.042158446651226034
2008-11-14,-0.02295865875599401
2008-11-17,-0.010873522637628419
2008-11-18,-0.02389173429028113
2008-11-19,0.004290812905573094
2008-11-20,0.03632838313022413
2008-11-21,0.010800266415664006
2008-11-24,-0.0087799561696843
2008-11-25,-0.02294181693371633
2008-11-26,-0.03419622939115319
2008-11-28,-0.047904523294819756
2008-12-01,-0.0019946587220173173
2008-12-02,-0.020243534637947702
2008-12-03,-0.030669272231824918
2008-12-04,-0.018277338004333732
2008-12-05,-0.02800729968790916
2008-12-08,-0.041714782142192264
2008-12-09,-0.022854672519039054
2008-12-10,-0.039168586031685604
2008-12-11,-0.026590849628138513
2008-12-12,-0.027926263664701856
2008-12-15,-0.021099695208544933
2008-12-16,-0.04241237535325959
2008-12-17,-0.04355046430536769
2008-12-18,-0.03494145937022941
2008-12-19,-0.023541580786211713
2008-12-22,-0.02071704904766658
2008-12-23,-0.02170427575374334
2008-12-24,-0.023805708398025427
2008-12-26,-0.02944525932269204
2008-12-29,-0.02977107139098134
2008-12-30,-0.04121356012123367
2008-12-31,-0.053531916256743584
2009-01-02,-0.05479502198691688
2009-01-05,-0.05380393388506444
2009-01-06,-0.05820557608388699
2009-01-07,-0.04595120572547018
2009-01-08,-0.04190064880667055
2009-01-09,-0.033594577027892036
2009-01-12,-0.019271943960143978
2009-01-13,-0.02267380203548708
2009-01-14,-0.010232376186405823
2009-01-15,-0.003968414372500839
2009-01-16,-0.0023289098408038056
2009-01-20,0.01899694739677249
2009-01-21,0.004337238035308055
2009-01-22,0.009233000797196134
2009-01-23,0.009624238494598147
2009-01-26,0.009507121818298492
2009-01-27,0.002357732976094984
2009-01-28,-0.008701438913596427
2009-01-29,0.008135572105669842
2009-01-30,0.019284414248640136
2009-02-02,0.02739463230028627
2009-02-03,0.024402124605977127
2009-02-04,0.02968025297622512
2009-02-05,0.027361634554876613
2009-02-06,0.017597082144207743
2009-02-09,0.01837659856269458
2009-02-10,0.04091328977647235
2009-02-11,0.031681458589430056
2009-02-12,0.036202335922405404
2009-02-13,0.04344635560290511
2009-02-17,0.06089188136911572
2009-02-18,0.06333022402545363
2009-02-19,0.06332244895833761
2009-02-20,0.07568708119769862
2009-02-23,0.08617069040097347
2009-02-24,0.07074286028830479
2009-02-25,0.0759104103386824
2009-02-26,0.07381960913926211
2009-02-27,0.08692890303450618
2009-03-02,0.10621481915095576
2009-03-03,0.1122157757884441
2009-03-04,0.10896034925299802
2009-03-05,0.12572959490537128
2009-03-06,0.1198184312279379
2009-03-09,0.11805391953807642
2009-03-10,0.10293215369420372
2009-03-11,0.10792212686409541
2009-03-12,0.0928959659288362
2009-03-13,0.08716432175851141
2009-03-16,0.08068613113114753
2009-03-17,0.07530704956678447
2009-03-18,0.06455735172747534
2009-03-19,0.07316962521342563
2009-03-20,0.08437631157512315
2009-03-23,0.05603031745404097
2009-03-24,0.0650621220673745
2009-03-25,0.058361169740325236
2009-03-26,0.05489205860020119
2009-03-27,0.06304928747567162
2009-03-30,0.07847721284540277
2009-03-31,0.07678143857322017
2009-04-01,0.06743639085110087
2009-04-02,0.05593908689166993
2009-04-03,0.05951302559981164
2009-04-06,0.06891935588499087
2009-04-07,0.07412006468802812
2009-04-08,0.07276435997634789
2009-04-09,0.05317624628728135
2009-04-13,0.050888432115672066
2009-04-14,0.06191473622979027
2009-04-15,0.050069221716011914
2009-04-16,0.0486989272842836
2009-04-17,0.04534832404644307
2009-04-20,0.06827488699003736
2009-04-21,0.055693438401406614
2009-04-22,0.06208961146656433
2009-04-23,0.06289642062821599
2009-04-24,0.05796246302528618
2009-04-27,0.06832888159528905
2009-04-28,0.06396877736736006
2009-04-29,0.053221092835422756
2009-04-30,0.05890761339772477
2009-05-01,0.055986324919327424
2009-05-04,0.03459240379462081
2009-05-05,0.04001620751732626
2009-05-06,0.023239907030175533
2009-05-07,0.02200688419428176
2009-05-08,-0.004465563965496022
2009-05-11,0.016923649677188957
2009-05-12,0.013967660105860813
2009-05-13,0.024554307682160048
2009-05-14,0.020569652175019937
2009-05-15,0.031063115114681183
2009-05-18,0.017594116018621375
2009-05-19,0.021638659977654462
2009-05-20,0.024522036045201423
2009-05-21,0.027976825864491572
2009-05-22,0.027838086172760845
2009-05-26,0.024758683598455233
2009-05-27,0.03982888593596712
2009-05-28,0.03487108809620476
2009-05-29,0.025096371361166492
2009-06-01,0.017872397090190284
2009-06-02,0.013484806145616868
2009-06-03,0.029326350445956773
2009-06-04,0.025796509031320025
2009-06-05,0.02928551431282822
2009-06-08,0.030764624687400044
2009-06-09,0.031117078001389742
2009-06-10,0.03014509871425286
2009-06-11,0.026301988615357708
2009-06-12,0.01921071284284548
2009-06-15,0.03161606833116404
2009-06-16,0.03785095158755947
2009-06-17,0.04576251254015473
2009-06-18,0.03778632868417331
2009-06-19,0.04301299171060047
2009-06-22,0.05133369276457567
2009-06-23,0.04941089044201041
2009-06-24,0.052798207670865294
2009-06-25,0.04459584918248971
2009-06-26,0.05056432141222578
2009-06-29,0.041160794885811036
2009-06-30,0.04632949310411694
2009-07-01,0.041905179347251464
2009-07-02,0.05289841793481409
2009-07-06,0.05145361237130919
2009-07-07,0.053060588474964865
2009-07-08,0.060186361286767465
2009-07-09,0.05862993223942692
2009-07-10,0.06368639459643477
2009-07-13,0.05471612985431096
2009-07-14,0.04917692011455321
2009-07-15,0.0440835688032869
2009-07-16,0.04256859477371111
2009-07-17,0.04768428177814121
2009-07-20,0.04221175893021889
2009-07-21,0.042518319530763016
2009-07-22,0.05021481765774838
2009-07-23,0.042269830988588275
2009-07-24,0.02971605854641346
2009-07-27,0.03271321111597414
2009-07-28,0.02934466212557818
2009-07-29,0.04002171222491879
2009-07-30,0.032972719776466985
2009-07-31,0.029577962005835512
2009-08-03,0.02295297993602685
2009-08-04,0.018479548330287643
2009-08-05,0.01465810349406338
2009-08-06,0.013839149291393849
2009-08-07,0.007717639522202502
2009-08-10,0.004947756206241327
2009-08-11,0.012680819727990511
2009-08-12,0.01197588248609871
2009-08-13,0.008575839531094642
2009-08-14,0.009049962040345583
2009-08-17,0.01399869837904677
2009-08-18,0.014646310639961357
2009-08-19,0.011101273021136615
2009-08-20,0.008796370946592136
2009-08-21,-0.003388740808499602
2009-08-24,-0.003639075078175291
2009-08-25,-0.00248141821988368
2009-08-26,-0.005207428102469436
2009-08-27,-0.0036659039200858112
2009-08-28,-0.002805685678773373
2009-08-31,-0.0006450225358759498
2009-09-01,0.009857508734567921
2009-09-02,0.014499092352003529
2009-09-03,0.00789218305358308
2009-09-04,0.010927288736751306
2009-09-08,0.006494749912568931
2009-09-09,0.00263673449955093
2009-09-10,-0.0007664480969052923
2009-09-11,-0.0011263336790522382
2009-09-14,-0.004598014359268765
2009-09-15,-0.0087143190375496
2009-09-16,-0.015519364613302888
2009-09-17,-0.013294607529903857
2009-09-18,-0.01237608907224852
2009-09-21,-0.005916075962314027
2009-09-22,-0.013134718183255456
2009-09-23,-0.003356080078300905
2009-09-24,0.0019348256041759049
2009-09-25,9.24148259136004e-05
2009-09-28,-0.005033606489185716
2009-09-29,-0.008104417013424237
2009-09-30,-0.002354687428062774
2009-10-01,0.0040050792221941744
2009-10-02,0.007341059265259631
2009-10-05,-0.003313608359228448
2009-10-06,-0.006784337407912844
2009-10-07,-0.00644568509033927
2009-10-08,-0.012776714771989994
2009-10-09,-0.015774355767088133
2009-10-12,-0.01894040122228091
2009-10-13,-0.016683710181608247
2009-10-14,-0.025629834734572143
2009-10-15,-0.03247766335621616
2009-10-16,-0.028707978137206047
2009-10-19,-0.029656113740982204
2009-10-20,-0.02127521793699677
2009-10-21,-0.009933568054225461
2009-10-22,-0.02035815201214869
2009-10-23,-0.007903219177223808
2009-10-26,0.003984332975475902
2009-10-27,-0.004295262141855383
2009-10-28,0.004441223454657139
2009-10-29,-0.00845377002619907
2009-10-30,0.0027347727471190852
2009-11-02,-0.0009537022418748542
2009-11-03,-0.002849404124645183
2009-11-04,-0.0023627551718445883
2009-11-05,-0.006325518450873147
2009-11-06,-0.002780325544696094
2009-11-09,-0.011152808419976235
2009-11-10,-0.009804774710254871
2009-11-11,-0.010920443627203513
2009-11-12,-0.0020139535094981786
2009-11-13,-0.0020194518469602296
2009-11-16,-0.012335608006403542
2009-11-17,-0.009933955681276418
2009-11-18,-0.014295745072106347
2009-11-19,-0.010780293113480721
2009-11-20,-0.01061816649044206
2009-11-23,-0.011876825771859223
2009-11-24,-0.014495012972190358
2009-11-25,-0.01571074078208401
2009-11-27,-0.007069929164940203
2009-11-30,-0.012525817787946036
2009-12-01,-0.01753376657135891
2009-12-02,-0.019100280777157863
2009-12-03,-0.011952331213373246
2009-12-04,-0.016186343854760032
2009-12-07,-0.019891481751574902
2009-12-08,-0.010599215131654571
2009-12-09,-0.0064325992041301405
2009-12-10,-0.008023470538194855
2009-12-11,-0.017808368815470488
2009-12-14,-0.020604515994645134
2009-12-15,-0.01945531679099244
2009-12-16,-0.02102116889192407
2009-12-17,-0.01815478010477889
2009-12-18,-0.01175902197908929
2009-12-21,-0.01322352838837798
2009-12-22,-0.013932409079830843
2009-12-23,-0.011657709798226612
2009-12-24,-0.008960506181516004
2009-12-28,-0.005016106170099344
2009-12-29,-0.0076767541372648185
2009-12-30,-0.004041499495440692
2009-12-31,0.000443711694704918
2010-01-04,-0.007679478201647882
2010-01-05,-0.0111684416317554
2010-01-06,-0.019875291820406038
2010-01-07,-0.023948244467015045
2010-01-08,-0.020677609708598166
2010-01-11,-0.026006764221779555
2010-01-12,-0.025587720810832992
2010-01-13,-0.025196339450484828
2010-01-14,-0.027616997040968594
2010-01-15,-0.022230814824089784
2010-01-19,-0.025560769015894658
2010-01-20,-0.026056894948963127
2010-01-21,-0.00967865073041363
2010-01-22,-0.008812968388080489
2010-01-25,-0.011529031039532678
2010-01-26,-0.005125644483535086
2010-01-27,-0.004143629068665389
2010-01-28,-0.012734634757018859
2010-01-29,-0.013530055668697138
2010-02-01,-0.024120194253682392
2010-02-02,-0.03171573039099912
2010-02-03,-0.02058801698396251
2010-02-04,-0.006114801662585212
2010-02-05,-0.001838914495402133
2010-02-08,0.0031726600087114143
2010-02-09,-0.004781411406140135
2010-02-10,-0.005285487109062681
2010-02-11,-0.004195406740714891
2010-02-12,-0.003485418540387697
2010-02-16,-0.011928840670327234
2010-02-17,-0.01454078092937977
2010-02-18,-0.01650505094253868
2010-02-19,-0.020424459373488912
2010-02-22,-0.021545132435534575
2010-02-23,-0.01743194939663789
2010-02-24,-0.019423374350130418
2010-02-25,-0.018408299579176668
2010-02-26,-0.014547128043882862
2010-03-01,-0.017150826572472133
2010-03-02,-0.01926065467575455
2010-03-03,-0.02003025085592569
2010-03-04,-0.01987281542711733
2010-03-05,-0.026948983455439113
2010-03-08,-0.02418705603536314
2010-03-09,-0.021863304297525754
2010-03-10,-0.020645061585485402
2010-03-11,-0.02209785508934392
2010-03-12,-0.022703220609236963
2010-03-15,-0.023854744560923236
2010-03-16,-0.02990272032314467
2010-03-17,-0.03530700655722152
2010-03-18,-0.030419357998727747
2010-03-19,-0.02804111211630156
2010-03-22,-0.026965101307218353
2010-03-23,-0.03112684825775891
2010-03-24,-0.028761486734951436
2010-03-25,-0.025536053251043966
2010-03-26,-0.025897264747673343
2010-03-29,-0.027934333284125423
2010-03-30,-0.025509578151051815
2010-03-31,-0.023884565324321705
2010-04-01,-0.03603548797985995
2010-04-05,-0.04094186388035709
2010-04-06,-0.04100897761185529
2010-04-07,-0.03556708754556204
2010-04-08,-0.03813439199048574
2010-04-09,-0.04031668748881928
2010-04-12,-0.04377818209417306
2010-04-13,-0.03837964587913384
2010-04-14,-0.04376397029392903
2010-04-15,-0.04086728405909795
2010-04-16,-0.03137488558227741
2010-04-19,-0.0346999691212847
2010-04-20,-0.04371771550000614
2010-04-21,-0.03746693582512384
2010-04-22,-0.0363636003455407
2010-04-23,-0.04233190888795291
2010-04-26,-0.039558700541808045
2010-04-27,-0.027033658055196308
2010-04-28,-0.03688897074811892
2010-04-29,-0.03726692226212697
2010-04-30,-0.031870143170263654
2010-05-03,-0.037359735928831794
2010-05-04,-0.03432461069855419
2010-05-05,-0.02777799095708544
2010-05-06,-0.0155855732100047
2010-05-07,-0.017566389924818515
2010-05-10,-0.027363482886420487
2010-05-11,-0.02535364624906733
2010-05-12,-0.030222715865902194
2010-05-13,-0.028931116957886194
2010-05-14,-0.02346420082720041
2010-05-17,-0.02001973689064057
2010-05-18,-0.01469502877340395
2010-05-19,-0.012593013010177345
2010-05-20,0.0036187867656301
2010-05-21,-0.005571516224085193
2010-05-24,0.007634964115393605
2010-05-25,0.007674679421299235
2010-05-26,0.0028512947189393567
2010-05-27,-0.007428035267034727
2010-05-28,0.001570453028473584
2010-06-01,0.019068199724615154
2010-06-02,0.007778895210445114
2010-06-03,0.010688850617112888
2010-06-04,0.024744195217563048
2010-06-07,0.027428623679696895
2010-06-08,0.014374163587979716
2010-06-09,0.011328381961754341
2010-06-10,-0.00039994128965353815
2010-06-11,0.0016765069010919453
2010-06-14,0.001460855068562139
2010-06-15,-0.0037072436255383145
2010-06-16,0.0012191524456881542
2010-06-17,0.003840422747995509
2010-06-18,0.003242154897216354
2010-06-21,0.0009730377258290179
2010-06-22,0.017074846756025552
2010-06-23,0.015642045685039407
2010-06-24,0.023358737196500667
2010-06-25,0.016758567137494518
2010-06-28,0.017614729306487442
2010-06-29,0.021912641882125328
2010-06-30,0.02120010590322985
2010-07-01,0.023747248929091413
2010-07-02,0.026941437340678498
2010-07-06,0.026654674160989378
2010-07-07,0.015153827077145188
2010-07-08,0.007523394131387973
2010-07-09,0.0062787508215361165
2010-07-12,0.009510614629034131
2010-07-13,-6.317452035620175e-05
2010-07-14,0.005129123870585395
2010-07-15,0.007445214419468216
2010-07-16,0.017801767916533207
2010-07-19,0.01776021703984093
2010-07-20,0.014976173978525131
2010-07-21,0.01809585188921814
2010-07-22,0.01257842012703575
2010-07-23,0.0045839584914252884
2010-07-26,-0.002702555211435198
2010-07-27,-0.0014800785654849324
2010-07-28,0.0018834755427183936
2010-07-29,-0.00031196563994068116
2010-07-30,0.002269794198649311
2010-08-02,-0.00847886772858053
2010-08-03,-0.006604716170413916
2010-08-04,-0.005316999041239556
2010-08-05,-0.005838651873703582
2010-08-06,-0.000733059774178979
2010-08-09,-0.003731682953427795
2010-08-10,-0.0016486431871662321
2010-08-11,0.009940305063988464
2010-08-12,0.01041540760583426
2010-08-13,0.009067705796441672
2010-08-16,0.009973570251653852
2010-08-17,0.004529015693214566
2010-08-18,0.005533768452153809
2010-08-19,0.013758202881103687
2010-08-20,0.019611918461171496
2010-08-23,0.016697182800337385
2010-08-24,0.017541243319074584
2010-08-25,0.020642011099195168
2010-08-26,0.018467534141187236
2010-08-27,0.0067756054717086345
2010-08-30,0.017294504120023424
2010-08-31,0.013629440073647747
2010-09-01,0.002897933548122289
2010-09-02,0.00028237349131554623
2010-09-03,-0.0010527991834824446
2010-09-07,0.007749810537436119
2010-09-08,0.012013505681365111
2010-09-09,0.010326981206263797
2010-09-10,0.007181727708045926
2010-09-13,0.003885628994137691
2010-09-14,0.009669359818107848
2010-09-15,0.010583684498069956
2010-09-16,0.01615044705282065
2010-09-17,0.0178073174880492
2010-09-20,0.013911592889978175
2010-09-21,0.01721280266784092
2010-09-22,0.021839167327824982
2010-09-23,0.03356540926346818
2010-09-24,0.025555008732283835
2010-09-27,0.024886060127317422
2010-09-28,0.017384136583275256
2010-09-29,0.017932872410998058
2010-09-30,0.017310725067717525
2010-10-01,0.009354735640516254
2010-10-04,0.00968958197292935
2010-10-05,0.0060151190420135725
2010-10-06,-0.001456123779441043
2010-10-07,0.0037017093215351293
2010-10-08,0.0021496764896365983
2010-10-11,0.001129199534400105
2010-10-12,0.0033191727284893058
2010-10-13,0.0010013421723419902
2010-10-14,0.0034014393555752975
2010-10-15,0.024985408902509165
2010-10-18,0.01129546129032405
2010-10-19,0.02435675728204645
2010-10-20,0.01722022643076021
2010-10-21,0.017938534104063875
2010-10-22,0.020759863721357796
2010-10-25,0.021618006229788822
2010-10-26,0.02445249047215342
2010-10-27,0.031461932599734566
2010-10-28,0.03343540325741112
2010-10-29,0.028749891421076756
2010-11-01,0.03065836973858843
2010-11-02,0.02931257509071672
2010-11-03,0.029123002604214687
2010-11-04,0.014556807223233326
2010-11-05,0.00873644240851873
2010-11-08,0.011712544127876312
2010-11-09,0.01746913936291411
2010-11-10,0.015228323998910664
2010-11-11,0.013038028466663298
2010-11-12,0.015132606118708591
2010-11-15,0.010371284185983154
2010-11-16,0.015385266447372148
2010-11-17,0.016980466008375883
2010-11-18,0.013394592768431635
2010-11-19,0.009273807348507579
2010-11-22,0.018209635684225067
2010-11-23,0.020747633644095487
2010-11-24,0.020484909172733434
2010-11-26,0.025770089032568833
2010-11-29,0.024484434364891783
2010-11-30,0.02139050313921881
2010-12-01,0.01223610692248478
2010-12-02,0.005675019902806944
2010-12-03,0.002895515727102338
2010-12-06,0.002669068870526592
2010-12-07,0.0022811571334801772
2010-12-08,0.0024687792050110957
2010-12-09,-0.0020570376738280882
2010-12-10,-0.004213526773482884
2010-12-13,-0.008134114859690206
2010-12-14,-0.006584915485437437
2010-12-15,-0.005146662993465001
2010-12-16,-0.005585047622124917
2010-12-17,-0.007866015413380667
2010-12-20,-0.010112966973982007
2010-12-21,-0.013531970913179897
2010-12-22,-0.019053965814009283
2010-12-23,-0.01938579531111012
2010-12-27,-0.01977796680764754
2010-12-28,-0.022790037003184327
2010-12-29,-0.02310221289700537
2010-12-30,-0.02384299184174235
2010-12-31,-0.026526240684889707
2011-01-03,-0.02514885879068801
2011-01-04,-0.021425377029439446
2011-01-05,-0.01996674908207302
2011-01-06,-0.013332190409038464
2011-01-07,-0.011705762977192724
2011-01-10,-0.006089721965721218
2011-01-11,-0.010197252174249466
2011-01-12,-0.016109770929691014
2011-01-13,-0.013376243757436429
2011-01-14,-0.015094463772259675
2011-01-18,-0.016415511505240177
2011-01-19,-0.01030540780218367
2011-01-20,-0.014836057889207749
2011-01-21,-0.025657776277811906
2011-01-24,-0.019340023371462844
2011-01-25,-0.017806515167209103
2011-01-26,-0.020883225881889095
2011-01-27,-0.01765084032885053
2011-01-28,-0.019138934082722492
2011-01-31,-0.026211769803542617
2011-02-01,-0.029879569380562188
2011-02-02,-0.028078875466832603
2011-02-03,-0.030705643732344384
2011-02-04,-0.027916991048183293
2011-02-07,-0.033109506579753534
2011-02-08,-0.03214815447854527
2011-02-09,-0.02972987717951933
2011-02-10,-0.02964974390224298
2011-02-11,-0.031576097566692315
2011-02-14,-0.03395879684707928
2011-02-15,-0.029852745364442823
2011-02-16,-0.03244140313999705
2011-02-17,-0.038934164627862075
2011-02-18,-0.04406141227793922
2011-02-22,-0.04556098417858037
2011-02-23,-0.04326111823260506
2011-02-24,-0.03693923338659555
2011-02-25,-0.039166893436388295
2011-02-28,-0.04657970737753196
2011-03-01,-0.03862846580416274
2011-03-02,-0.03606519697996555
2011-03-03,-0.04049856727513046
2011-03-04,-0.03533306271868089
2011-03-07,-0.038528292518628965
2011-03-08,-0.04793250821774461
2011-03-09,-0.05349760255388894
2011-03-10,-0.0411252227369949
2011-03-11,-0.0445759460212351
2011-03-14,-0.03932250358988709
2011-03-15,-0.039193107373036884
2011-03-16,-0.04100140126065155
2011-03-17,-0.04682675601047262
2011-03-18,-0.05807087834910685
2011-03-21,-0.06066339473816498
2011-03-22,-0.05699454473935772
2011-03-23,-0.054831643086533766
2011-03-24,-0.04859651642101301
2011-03-25,-0.05162503215798994
2011-03-28,-0.05439894460969655
2011-03-29,-0.05414990272379375
2011-03-30,-0.060004278942832515
2011-03-31,-0.056373727430333545
2011-04-01,-0.0649441216779334
2011-04-04,-0.07118264207335061
2011-04-05,-0.07591952604910225
2011-04-06,-0.07643233996411315
2011-04-07,-0.07311093121380194
2011-04-08,-0.07165874370334728
2011-04-11,-0.06888252281119603
2011-04-12,-0.06417656301430086
2011-04-13,-0.054761533324559186
2011-04-14,-0.057360418034328176
2011-04-15,-0.06792596896281704
2011-04-18,-0.05714896865446706
2011-04-19,-0.05895308857768705
2011-04-20,-0.054531100267329644
2011-04-21,-0.05351783501909502
2011-04-25,-0.04836121151750654
2011-04-26,-0.055633040456154775
2011-04-27,-0.05844423497787826
2011-04-28,-0.06501817894273018
2011-04-29,-0.07197823245812628
2011-05-02,-0.06913535071276261
2011-05-03,-0.06580479394673328
2011-05-04,-0.05539732440012844
2011-05-05,-0.04916509216827171
2011-05-06,-0.05194138490028678
2011-05-09,-0.05658016411138844
2011-05-10,-0.06077496514928335
2011-05-11,-0.05169931614151163
2011-05-12,-0.052665444098948605
2011-05-13,-0.05304067780282794
2011-05-16,-0.06331672670778792
2011-05-17,-0.05752290242378512
2011-05-18,-0.06404059994734423
2011-05-19,-0.06368898269858084
2011-05-20,-0.06154005836858312
2011-05-23,-0.059105484543719444
2011-05-24,-0.0646376629302912
2011-05-25,-0.06697133713797039
2011-05-26,-0.06877549722192179
2011-05-27,-0.07000105709872546
2011-05-31,-0.0679671470386506
2011-06-01,-0.0562374787534807
2011-06-02,-0.05173494821923204
2011-06-03,-0.05329077597717333
2011-06-06,-0.043821632437037156
2011-06-07,-0.04558303347828696
2011-06-08,-0.04633498766188862
2011-06-09,-0.055686317975177035
2011-06-10,-0.05094464976890495
2011-06-13,-0.050734482694039296
2011-06-14,-0.05706977114417927
2011-06-15,-0.052913596186904305
2011-06-16,-0.05916969878632372
2011-06-17,-0.06768295389136764
2011-06-20,-0.06953272130525925
2011-06-21,-0.06787929184405181
2011-06-22,-0.067602936469393
2011-06-23,-0.05289679020812857
2011-06-24,-0.056890367864525115
2011-06-27,-0.05129874512788937
2011-06-28,-0.055606059211996184
2011-06-29,-0.06336930546416986
2011-06-30,-0.0624977581768176
2011-07-01,-0.0680270129269275
2011-07-05,-0.061755078641777275
2011-07-06,-0.06034045043501765
2011-07-07,-0.06138749205916415
2011-07-08,-0.05330384251727312
2011-07-11,-0.043840613335249246
2011-07-12,-0.046928199570114806
2011-07-13,-0.04757880171568882
2011-07-14,-0.04895467489106799
2011-07-15,-0.04245487405366173
2011-07-18,-0.03259630681421308
2011-07-19,-0.03323796512105738
2011-07-20,-0.037016076252278596
2011-07-21,-0.049546051149060646
2011-07-22,-0.03832489715501229
2011-07-25,-0.02936838908445047
2011-07-26,-0.019353405176438826
2011-07-27,-0.015738169869498275
2011-07-28,-0.009132965438198276
2011-07-29,0.00018917229352211073
2011-08-01,-0.002340812247742269
2011-08-02,0.008074751965219312
2011-08-03,0.011663244259250638
2011-08-04,0.03419200288118418
2011-08-05,0.03265775504765278
2011-08-08,0.06439230740460611
2011-08-09,0.0501257309288915
2011-08-10,0.06460731153459842
2011-08-11,0.04933871342612706
2011-08-12,0.048449862855857784
2011-08-15,0.03223778989721862
2011-08-16,0.03797650969706878
2011-08-17,0.03140587877763784
2011-08-18,0.04152234136401994
2011-08-19,0.046262804025837156
2011-08-22,0.04977490487062203
2011-08-23,0.046370493233485355
2011-08-24,0.03553964464999376
2011-08-25,0.03990749356057738
2011-08-26,0.045573121582999365
2011-08-29,0.030963172447734416
2011-08-30,0.03482881001797872
2011-08-31,0.030899937448907483
2011-09-01,0.038922974677443045
2011-09-02,0.05011373857040552
2011-09-06,0.060226811543133585
2011-09-07,0.0459332795171942
2011-09-08,0.05794429722829986
2011-09-09,0.07129665853738071
2011-09-12,0.07625879505865513
2011-09-13,0.07746436843931434
2011-09-14,0.07366360683701623
2011-09-15,0.06568612742594038
2011-09-16,0.0695682574631413
2011-09-19,0.08621614934348815
2011-09-20,0.08558632192332263
2011-09-21,0.11108060953313065
2011-09-22,0.11778470926677737
2011-09-23,0.1216975509312179
2011-09-26,0.10271216922954185
2011-09-27,0.09679267831467642
2011-09-28,0.11267644659468509
2011-09-29,0.08829900552878048
2011-09-30,0.09128295842699652
2011-10-03,0.11036731734382643
2011-10-04,0.09951868598120267
2011-10-05,0.0998801945101512
2011-10-06,0.09251393894571783
2011-10-07,0.09753256170500404
2011-10-10,0.08856114655107503
2011-10-11,0.09666767437306234
2011-10-12,0.08693805193786058
2011-10-13,0.10128022821403743
2011-10-14,0.09720527254819658
2011-10-17,0.10964600795963342
2011-10-18,0.09283434997234677
2011-10-19,0.08988729466313838
2011-10-20,0.07699237215551949
2011-10-21,0.06398685894001946
2011-10-24,0.06508402640245356
2011-10-25,0.0720523114120806
2011-10-26,0.052546348826756184
2011-10-27,0.031519702023007246
2011-10-28,0.033065877554235956
2011-10-31,0.053263985150690946
2011-11-01,0.06398228167212877
2011-11-02,0.04763441849023112
2011-11-03,0.044493660030109405
2011-11-04,0.045751012843318534
2011-11-07,0.04774812312112703
2011-11-08,0.041902490957378774
2011-11-09,0.05812520558737769
2011-11-10,0.04435877171253619
2011-11-11,0.03690729110298413
2011-11-14,0.04488640051689469
2011-11-15,0.048746408674325586
2011-11-16,0.053317955283789464
2011-11-17,0.048938731908683614
2011-11-18,0.041429402442291624
2011-11-21,0.04677356974848612
2011-11-22,0.056421979561083746
2011-11-23,0.06481231528017067
2011-11-25,0.06006666729022597
2011-11-28,0.05572529979762417
2011-11-29,0.044900770286356584
2011-11-30,0.024615114322029785
2011-12-01,0.03505403910739191
2011-12-02,0.0298610284842645
2011-12-05,0.02693804641463471
2011-12-06,0.02301376480856196
2011-12-07,0.020475970421897083
2011-12-08,0.033929806098963594
2011-12-09,0.026352329531605323
2011-12-12,0.035814279724639714
2011-12-13,0.03852554804017011
2011-12-14,0.037032299078040565
2011-12-15,0.027194232112819905
2011-12-16,0.02892347772562362
2011-12-19,0.034619353828656746
2011-12-20,0.024500635336826282
2011-12-21,0.0033441963383417372
2011-12-22,-0.0004810952812163982
2011-12-23,-0.003129136983943903
2011-12-27,0.00039900639162904206
2011-12-28,0.0061085964210775
2011-12-29,-0.0010521941380643718
2011-12-30,0.002449971764320269
