Date,Classification,fedfunds,vix,vol_spread,Flat,News Sentiment,
08-01-2002,LOSE,2.1259117,25.07757615,-24.2388726,3.20002616,-0.15466965,0
10-01-2002,LOSE,2.103519088,24.89664521,-24.10063946,3.225832119,-0.152679254,0
14-01-2002,LOSE,2.080641042,24.78168922,-23.93606551,3.246834164,-0.150620813,0
16-01-2002,LOSE,2.057559582,24.67300431,-23.76584732,3.26592789,-0.147743205,0
22-01-2002,WIN,2.028088952,24.49713314,-23.5446742,3.294106001,-0.142760222,1
24-01-2002,WIN,2.01382635,24.3061639,-23.43534256,3.312052303,-0.13889409,1
28-01-2002,WIN,1.999208012,24.09973838,-23.1873013,3.330768445,-0.135853706,1
30-01-2002,WIN,1.985199427,24.07902905,-22.82637638,3.345124426,-0.133013142,1
13-02-2002,WIN,1.91361843,23.79861147,-21.7242437,3.415430172,-0.124834196,1
26-02-2002,WIN,1.879081714,23.53441249,-21.06752016,3.444678998,-0.116785039,1
28-02-2002,LOSE,1.87374628,23.40703374,-21.00568011,3.449795231,-0.114180774,0
08-03-2002,WIN,1.844278661,22.79249408,-20.57783187,3.509943239,-0.099860959,1
12-03-2002,LOSE,1.835981957,22.59573671,-20.48390658,3.536498722,-0.095421771,0
14-03-2002,WIN,1.831159034,22.38694889,-20.40821935,3.562614038,-0.092584208,1
18-03-2002,WIN,1.826245765,22.15006015,-20.18868114,3.584526087,-0.089907291,1
20-03-2002,WIN,1.81983518,21.90487761,-19.93702692,3.608818676,-0.086724948,1
22-03-2002,WIN,1.812786256,21.65264174,-19.62678014,3.634177876,-0.083709735,1
26-03-2002,LOSE,1.807476049,21.43858019,-19.4234397,3.65498374,-0.080582701,0
28-03-2002,WIN,1.802568396,21.18998669,-19.16037485,3.674774383,-0.076616904,1
03-04-2002,LOSE,1.803197679,21.0192895,-18.8417434,3.693138641,-0.072048815,0
05-04-2002,LOSE,1.797861301,20.91900831,-18.69194972,3.705715622,-0.070785124,0
11-04-2002,WIN,1.790900518,20.7306319,-18.59670449,3.72518119,-0.066588985,1
15-04-2002,LOSE,1.792466507,20.65988829,-18.55830056,3.726085743,-0.066097894,0
17-04-2002,WIN,1.786904953,20.50737588,-18.44726596,3.737521182,-0.066801726,1
19-04-2002,LOSE,1.780692996,20.39745713,-18.28495083,3.748875413,-0.06701317,0
23-04-2002,WIN,1.776805033,20.37393125,-18.13248094,3.756299395,-0.068309385,1
25-04-2002,LOSE,1.777679628,20.4050789,-17.97539377,3.755865327,-0.070129666,0
29-04-2002,WIN,1.779116115,20.57793226,-17.90953615,3.753898756,-0.071557076,1
01-05-2002,WIN,1.78367617,20.60296268,-17.98979756,3.747218999,-0.072078385,1
03-05-2002,LOSE,1.782131992,20.57281073,-18.2142091,3.74580481,-0.073045094,0
07-05-2002,LOSE,1.779105161,20.67963081,-18.58962078,3.744166817,-0.071598799,0
09-05-2002,LOSE,1.775664486,20.69911708,-18.90213574,3.75057161,-0.06973407,0
13-05-2002,WIN,1.773710772,20.75354275,-19.31245606,3.754724482,-0.068942711,1
06-06-2002,WIN,1.767950494,20.69575816,-20.8643642,3.778943889,-0.068709709,1
10-06-2002,WIN,1.76650015,20.88236008,-21.07522757,3.780885692,-0.0682552,1
12-06-2002,LOSE,1.764503628,21.10053231,-21.28245132,3.777613858,-0.06843163,0
14-06-2002,WIN,1.763891234,21.38144146,-21.46655902,3.767513339,-0.069547437,1
18-06-2002,LOSE,1.763904084,21.57662122,-21.69454892,3.757828275,-0.070172947,0
28-06-2002,LOSE,1.761572202,22.8231687,-22.68738769,3.725609756,-0.078443971,0
02-07-2002,WIN,1.762372029,23.15709103,-22.79295934,3.717941745,-0.081597139,1
05-07-2002,WIN,1.759351037,23.48218154,-22.79948115,3.716188371,-0.084596133,1
09-07-2002,WIN,1.75777961,23.85072649,-22.90196935,3.710986012,-0.088165513,1
11-07-2002,WIN,1.757293168,24.49736198,-22.97158971,3.699109969,-0.091757254,1
15-07-2002,LOSE,1.758168168,25.10456045,-23.09083937,3.68699747,-0.096564462,0
05-08-2002,WIN,1.749093576,30.0387529,-21.05769926,3.618145712,-0.11863016,1
07-08-2002,WIN,1.747538604,30.69763887,-20.86620073,3.605812339,-0.118328985,1
09-08-2002,WIN,1.744166492,31.02498007,-20.62070225,3.592622356,-0.117062945,1
13-08-2002,WIN,1.744528609,31.36993748,-20.37305885,3.56749848,-0.114776297,1
01-10-2002,LOSE,1.757429587,34.257761,-16.79306897,3.179473696,-0.115486821,0
03-10-2002,WIN,1.75727965,34.43766641,-16.63222253,3.162573226,-0.120099876,1
07-10-2002,WIN,1.755547504,34.86175387,-16.38086485,3.147380681,-0.125361203,1
09-10-2002,WIN,1.753601329,35.29119674,-16.15375112,3.131231661,-0.131040904,1
11-10-2002,WIN,1.752721903,35.37542807,-16.23344662,3.120670376,-0.135989334,1
16-10-2002,WIN,1.755982485,35.35312733,-16.23355744,3.120408287,-0.139210642,1
18-10-2002,LOSE,1.753987439,35.25456775,-16.18822251,3.131231657,-0.141129672,0
22-10-2002,LOSE,1.751805701,35.14938668,-16.05368142,3.145866991,-0.140044215,0
24-10-2002,LOSE,1.753627902,35.05180401,-15.92466753,3.154058326,-0.138558396,0
31-10-2002,LOSE,1.757574284,34.45935564,-15.82247084,3.160527814,-0.131713967,0
04-11-2002,WIN,1.755477552,34.17911587,-15.73945576,3.16690341,-0.128742019,1
14-11-2002,WIN,1.666428834,33.40627424,-16.03894799,3.238369441,-0.119923184,1
29-11-2002,LOSE,1.551845332,31.28867573,-16.15192356,3.355723254,-0.100527163,0
03-12-2002,WIN,1.532866363,31.07233856,-16.30268094,3.379004624,-0.094657683,1
05-12-2002,LOSE,1.513843252,30.97315479,-16.44121432,3.398861176,-0.089172015,0
09-12-2002,LOSE,1.494757736,30.90112893,-16.49619989,3.416475198,-0.085297004,0
11-12-2002,WIN,1.479478363,30.73188051,-16.63765622,3.427182965,-0.081903332,1
13-12-2002,WIN,1.466075325,30.54090208,-16.69349103,3.437312115,-0.078609611,1
17-12-2002,LOSE,1.456052169,30.27978734,-16.75238124,3.450627127,-0.075291661,0
19-12-2002,LOSE,1.443863135,30.2150142,-16.51550417,3.460116697,-0.073422848,0
23-12-2002,WIN,1.432766905,29.97454714,-16.40573889,3.466486927,-0.072333894,1
22-01-2003,WIN,1.343332775,28.19216685,-15.1404492,3.541135125,-0.060767397,1
24-01-2003,LOSE,1.336700017,28.27908966,-14.79859765,3.543000163,-0.059681827,0
28-01-2003,WIN,1.332082761,28.59902083,-14.43637573,3.543478954,-0.058813374,1
31-01-2003,WIN,1.328502259,28.84885092,-14.05221916,3.540806113,-0.0596106,1
04-02-2003,WIN,1.32375933,29.04404355,-13.92095009,3.53822041,-0.059756866,1
24-03-2003,LOSE,1.273730728,30.72413511,-11.5799494,3.500947714,-0.106422596,0
27-03-2003,WIN,1.27280241,30.49603569,-11.51095905,3.510244518,-0.118309827,1
08-04-2003,LOSE,1.268444952,29.97785857,-11.0675881,3.529848143,-0.141271595,0
10-04-2003,LOSE,1.267601871,29.74562627,-11.00409184,3.534654284,-0.146262391,0
15-04-2003,LOSE,1.270759613,29.15203454,-10.94733161,3.540396992,-0.151402344,0
21-04-2003,WIN,1.271347563,28.47624141,-10.86715017,3.54221415,-0.153210346,1
23-04-2003,WIN,1.269973291,27.98272437,-10.79717346,3.544313855,-0.152203765,1
25-04-2003,LOSE,1.269357258,27.50911112,-10.70398051,3.541765501,-0.151040382,0
29-04-2003,WIN,1.270026599,27.08047578,-10.59660222,3.538479688,-0.148990246,1
06-05-2003,WIN,1.271455727,26.16508611,-10.27054302,3.52447498,-0.141348503,1
30-05-2003,LOSE,1.270076524,23.53194239,-9.415141729,3.3539296,-0.114544255,0
05-06-2003,LOSE,1.26634803,23.19205164,-9.502424703,3.32251248,-0.104692809,0
09-06-2003,LOSE,1.264989541,23.09721039,-9.657809407,3.306663928,-0.098061624,0
11-06-2003,WIN,1.263089554,22.92627691,-9.716459594,3.285785357,-0.090450468,1
13-06-2003,WIN,1.261928682,22.77364852,-9.755611773,3.261444115,-0.083197847,1
17-06-2003,WIN,1.263355091,22.60369736,-9.806725936,3.240355052,-0.076643271,1
19-06-2003,LOSE,1.26058547,22.42333428,-9.826844009,3.233630004,-0.070408945,0
23-06-2003,WIN,1.257982237,22.26034171,-9.767202905,3.227962848,-0.065684848,1
25-06-2003,LOSE,1.252058134,22.16580576,-9.671410617,3.225265723,-0.062444882,0
27-06-2003,LOSE,1.241694953,21.98132747,-9.583194614,3.238365695,-0.059455995,0
01-07-2003,LOSE,1.243962754,21.82214423,-9.544920496,3.238345711,-0.056055675,0
03-07-2003,LOSE,1.227393274,21.65546431,-9.575419348,3.260894516,-0.052405494,0
08-07-2003,WIN,1.210594103,21.53471088,-9.691235554,3.289280789,-0.047830151,1
10-07-2003,LOSE,1.195884315,21.3767578,-9.801860568,3.312942086,-0.041996377,0
14-07-2003,LOSE,1.185015277,21.22743196,-9.900278515,3.333835284,-0.037070111,0
17-07-2003,WIN,1.17248745,21.09764048,-10.06505574,3.377824726,-0.032827481,1
22-07-2003,LOSE,1.156550305,20.93324851,-10.13206164,3.431859795,-0.027220462,0
24-07-2003,WIN,1.149418949,20.78545189,-10.09718263,3.465630209,-0.022597738,1
28-07-2003,LOSE,1.142439561,20.61134599,-10.06956013,3.503317378,-0.016803438,0
30-07-2003,WIN,1.135570808,20.4931727,-10.03199258,3.546827907,-0.009509028,1
01-08-2003,WIN,1.128166801,20.46999773,-9.950711619,3.591109305,-0.002552067,1
05-08-2003,WIN,1.115433665,20.56688387,-9.898953156,3.636846027,0.0045898,1
07-08-2003,WIN,1.102666406,20.58623284,-9.94585649,3.675010015,0.011499189,1
11-08-2003,LOSE,1.095500648,20.52778615,-9.898591081,3.707898196,0.018458989,0
13-08-2003,LOSE,1.089410393,20.38942115,-9.781628968,3.747356949,0.024525736,0
15-08-2003,WIN,1.103272349,20.26031055,-9.602443748,3.765632089,0.031109588,1
19-08-2003,WIN,1.095344724,20.11702579,-9.390358783,3.795935782,0.037952768,1
21-08-2003,WIN,1.086123026,19.97093596,-9.274919814,3.825193319,0.044443058,1
26-08-2003,WIN,1.081877854,19.94146925,-9.185465537,3.848822675,0.053178722,1
28-08-2003,WIN,1.07731776,19.86852641,-9.187338567,3.869894696,0.06057866,1
02-09-2003,LOSE,1.074640761,19.80206916,-9.183291947,3.889097726,0.068304599,0
04-09-2003,WIN,1.067966614,19.75523756,-9.222218497,3.91435196,0.076350292,1
08-09-2003,LOSE,1.06204351,19.65689115,-9.275999302,3.93134324,0.08259674,0
15-09-2003,WIN,1.05391126,19.58902492,-9.491862596,3.958061253,0.091227158,1
18-09-2003,LOSE,1.04697446,19.43088007,-9.576472675,3.96846958,0.09353914,0
22-09-2003,LOSE,1.04430885,19.37859433,-9.507797931,3.972096684,0.095636638,0
24-09-2003,WIN,1.042766487,19.44125292,-9.400629069,3.971920575,0.098577498,1
26-09-2003,WIN,1.043521637,19.6203468,-9.34450954,3.963493191,0.101666781,1
30-09-2003,WIN,1.047517536,19.7853749,-9.358227078,3.951320047,0.104798713,1
02-10-2003,LOSE,1.048586917,19.85867323,-9.422003331,3.940763669,0.106928008,0
06-10-2003,WIN,1.044844252,19.83608506,-9.446580712,3.946129064,0.108703772,1
08-10-2003,LOSE,1.041026537,19.80139809,-9.477829477,3.956272827,0.110928417,0
10-10-2003,LOSE,1.03903395,19.72669093,-9.484866566,3.966407406,0.112523297,0
15-10-2003,WIN,1.041975636,19.58653002,-9.460259337,3.975590967,0.115150026,1
17-10-2003,LOSE,1.039901335,19.44739561,-9.36635482,3.989612582,0.118712648,0
21-10-2003,LOSE,1.037655946,19.27769631,-9.264407696,3.99921967,0.12303181,0
23-10-2003,WIN,1.035585623,19.17531773,-9.197260589,4.005354146,0.127250294,1
27-10-2003,LOSE,1.03460052,19.09274912,-9.114882005,4.007567402,0.132339278,0
29-10-2003,LOSE,1.030787833,18.93489817,-9.058731137,4.012886092,0.138611182,0
31-10-2003,WIN,1.030423364,18.7610237,-9.029626651,4.01649249,0.145036505,1
04-11-2003,LOSE,1.028458768,18.61977851,-9.026939199,4.020549493,0.153193028,0
07-11-2003,WIN,1.024518533,18.45237613,-8.968386103,4.034397422,0.165329778,1
14-11-2003,WIN,1.020228416,18.2647775,-8.968909194,4.042175029,0.179521106,1
24-11-2003,LOSE,1.015260392,18.34641831,-9.203715025,4.030582915,0.194684192,0
01-12-2003,WIN,1.015553205,18.11912771,-9.225532306,4.027926049,0.205170865,1
03-12-2003,LOSE,1.012967845,18.01268981,-9.312195805,4.033818483,0.212857058,0
05-12-2003,WIN,1.011175925,17.92892922,-9.370856719,4.035124167,0.219067976,1
09-12-2003,WIN,1.009173795,17.87559164,-9.465179061,4.038347245,0.224422024,1
11-12-2003,WIN,1.00794893,17.83822067,-9.479570641,4.040023528,0.228488043,1
15-12-2003,WIN,1.008425723,17.77360665,-9.490344208,4.038398614,0.232355731,1
17-12-2003,WIN,1.007248646,17.64446901,-9.514877876,4.035285718,0.2364447,1
08-01-2004,WIN,0.994050411,17.37047568,-8.468708263,4.029797124,0.249728819,1
13-01-2004,WIN,0.993982694,17.35606249,-8.203558766,4.017204361,0.248079829,1
15-01-2004,LOSE,0.995979962,17.27870867,-8.111050031,4.002658408,0.247204984,0
20-01-2004,WIN,0.996257855,17.13995794,-7.928939603,3.992267422,0.247874885,1
22-01-2004,WIN,0.997146276,16.97310355,-7.850780048,3.979942777,0.249495813,1
30-01-2004,WIN,1.001193435,16.78594165,-7.80796945,3.963654025,0.252503407,1
03-02-2004,WIN,1.000457289,16.81411092,-7.873396113,3.960226484,0.252410721,1
05-02-2004,WIN,1.000752759,16.87636859,-7.920922185,3.956389623,0.251797793,1
09-02-2004,WIN,1.000715213,16.83304679,-7.973645201,3.949257989,0.250766748,1
11-02-2004,WIN,1.000669523,16.75813942,-7.997466216,3.943849044,0.249784445,1
13-02-2004,WIN,1.001579716,16.67439543,-8.022721372,3.937853755,0.248267022,1
18-02-2004,WIN,1.00210708,16.59915313,-8.040580027,3.931613178,0.246123732,1
23-02-2004,LOSE,1.001594292,16.5472607,-8.055562948,3.924557125,0.24424884,0
26-02-2004,LOSE,1.002742375,16.42102672,-8.10227518,3.914658722,0.243377834,0
01-03-2004,WIN,1.005122476,16.29792981,-8.108098503,3.903501128,0.242185544,1
03-03-2004,LOSE,1.004795241,16.19600645,-8.104903591,3.899444533,0.241114387,0
05-03-2004,WIN,1.00417477,16.08387097,-8.088356227,3.890797932,0.239374589,1
09-03-2004,LOSE,1.003583394,16.09139708,-8.095068725,3.87444117,0.23601263,0
11-03-2004,LOSE,1.003679161,16.3210605,-8.001660235,3.856898707,0.231463023,0
15-03-2004,LOSE,1.004753398,16.53936469,-7.905203696,3.84268642,0.225933586,0
17-03-2004,LOSE,1.0041356,16.70975372,-7.835688681,3.827507746,0.220753677,0
19-03-2004,LOSE,1.003546726,16.84616546,-7.747264752,3.816178692,0.215579169,0
23-03-2004,LOSE,1.003309612,17.11902742,-7.627657097,3.802693391,0.210004997,0
25-03-2004,WIN,1.00343341,17.22826915,-7.525687916,3.790383703,0.203375371,1
30-03-2004,LOSE,1.002460356,17.17769468,-7.42299203,3.785706136,0.194204345,0
01-04-2004,WIN,1.004847932,17.14681162,-7.388806252,3.779299155,0.188892347,1
06-04-2004,LOSE,1.004705027,16.9733177,-7.283004452,3.794459299,0.184031177,0
15-04-2004,WIN,1.005716936,16.79598194,-7.010168811,3.836839378,0.179065816,1
06-05-2004,WIN,1.005099904,16.4416518,-7.262984662,3.976724474,0.204289462,1
10-05-2004,WIN,1.004459971,16.60275518,-7.294821574,4.004088952,0.210201794,1
12-05-2004,LOSE,1.002269132,16.71446589,-7.424991494,4.031957018,0.215890869,0
01-07-2004,LOSE,1.035876244,16.11252749,-6.393411348,4.191685189,0.293385838,0
06-07-2004,LOSE,1.051178364,16.08455513,-6.326351089,4.171114129,0.294524343,0
08-07-2004,LOSE,1.064518361,16.07967853,-6.335224107,4.153155924,0.295871166,0
12-07-2004,LOSE,1.076377889,16.03391045,-6.356715765,4.136009705,0.297270862,0
14-07-2004,WIN,1.086830439,15.91063774,-6.425125688,4.121257555,0.299896538,1
16-07-2004,WIN,1.098500098,15.82192505,-6.447920247,4.10231614,0.301278686,1
20-07-2004,LOSE,1.108178254,15.74781038,-6.476003172,4.084312774,0.303578119,0
22-07-2004,WIN,1.11756283,15.76868353,-6.459830438,4.070286766,0.305634558,1
26-07-2004,LOSE,1.126672579,15.84137625,-6.539360983,4.056863714,0.305405436,0
28-07-2004,LOSE,1.136478023,15.87365745,-6.648507652,4.0506653,0.303783635,0
30-07-2004,LOSE,1.146599494,15.84959761,-6.744257703,4.039720648,0.301993415,0
03-08-2004,WIN,1.153822691,15.84038886,-6.882443656,4.027611406,0.297719521,1
11-08-2004,LOSE,1.190568612,16.23932886,-7.185765238,3.962070936,0.286229358,0
13-08-2004,WIN,1.210000563,16.38508231,-7.323530203,3.930636333,0.281593099,1
17-08-2004,LOSE,1.216586933,16.44292,-7.42007892,3.912489387,0.276584506,0
19-08-2004,WIN,1.231236455,16.45301999,-7.421149113,3.887667168,0.272522257,1
23-08-2004,WIN,1.24873036,16.42018387,-7.385090804,3.861645553,0.267008344,1
31-08-2004,WIN,1.300530754,16.18531946,-7.309730571,3.779396721,0.250516376,1
14-09-2004,WIN,1.34550591,15.67030472,-7.206936603,3.694998014,0.239268832,1
28-09-2004,WIN,1.444667827,15.29581516,-7.006794885,3.52063164,0.230890272,1
30-09-2004,LOSE,1.470656238,15.16678945,-7.02535682,3.485057573,0.227222194,0
04-10-2004,LOSE,1.492606257,15.03382851,-6.971374601,3.457946103,0.222979649,0
13-10-2004,LOSE,1.537387081,14.9519309,-6.823709164,3.396555575,0.210189615,0
08-11-2004,WIN,1.638064361,15.05657722,-6.471156138,3.219186787,0.20224508,1
12-11-2004,WIN,1.663939812,14.89445868,-6.40777959,3.194471426,0.205333482,1
17-11-2004,LOSE,1.696493017,14.74082108,-6.300373836,3.157930443,0.208176394,0
23-11-2004,LOSE,1.733747972,14.52846207,-6.250246669,3.111804074,0.208714375,0
02-12-2004,WIN,1.785165805,14.25469341,-6.098027092,3.070857398,0.211122888,1
06-12-2004,LOSE,1.799560347,14.17945316,-6.08081427,3.056056997,0.214155057,0
08-12-2004,WIN,1.812375426,14.1313234,-6.121438175,3.038033919,0.218071134,1
10-12-2004,LOSE,1.828854149,14.04748985,-6.170137165,3.016407924,0.221115419,0
14-12-2004,LOSE,1.853234232,13.95735696,-6.161937554,2.984329415,0.225874482,0
16-12-2004,WIN,1.880790049,13.85207791,-6.175501026,2.948363113,0.230358174,1
20-12-2004,WIN,1.904072416,13.72667269,-6.184795197,2.920652545,0.234586372,1
30-12-2004,WIN,1.97618049,13.33178811,-6.092147386,2.846857195,0.252008682,1
03-01-2005,WIN,1.986824861,13.35476848,-6.045125269,2.831861151,0.259196503,1
05-01-2005,WIN,2.003637083,13.39828119,-6.047677827,2.814472963,0.266857853,1
07-01-2005,LOSE,2.01905062,13.40696766,-6.050870585,2.796624871,0.274118807,0
12-01-2005,LOSE,2.040813482,13.36727352,-6.096080299,2.766733155,0.283538175,0
25-01-2005,WIN,2.093316873,13.40526016,-6.011539228,2.668352032,0.301019279,1
27-01-2005,LOSE,2.110384819,13.40098578,-5.973037752,2.642244498,0.304012141,0
31-01-2005,WIN,2.134646036,13.37706499,-5.941364291,2.604389499,0.3067003,1
02-02-2005,LOSE,2.148025942,13.27899819,-5.924939723,2.577970072,0.310247598,0
04-02-2005,LOSE,2.170521381,13.16504606,-5.906810923,2.539707142,0.313825822,0
08-02-2005,WIN,2.190919855,13.06915121,-5.907423665,2.495950692,0.316412591,1
10-02-2005,WIN,2.210989274,12.98494199,-5.93418899,2.455691575,0.317303567,1
14-02-2005,LOSE,2.229776614,12.88853092,-5.936048693,2.420496342,0.316980415,0
16-02-2005,LOSE,2.247332151,12.77961592,-5.959309266,2.390168,0.316288889,0
22-02-2005,WIN,2.273739666,12.71038021,-5.972980994,2.358453488,0.316301918,1
24-02-2005,WIN,2.290759519,12.66328966,-5.97757646,2.339701746,0.31652686,1
28-02-2005,WIN,2.306032199,12.60749352,-5.973972139,2.323802944,0.317508343,1
02-03-2005,WIN,2.314318391,12.58617613,-5.957726741,2.318093115,0.31880798,1
22-04-2005,WIN,2.597240472,13.51640138,-4.795742602,2.054974505,0.251809865,1
02-05-2005,LOSE,2.642571618,13.83627458,-4.650065916,1.97788781,0.239884827,0
04-05-2005,WIN,2.663509565,13.85851294,-4.6743749,1.948354389,0.236610474,1
06-05-2005,WIN,2.684041829,13.86854658,-4.62043221,1.923577059,0.234073125,1
10-05-2005,WIN,2.703587128,13.89863669,-4.574299725,1.899680488,0.233615661,1
12-05-2005,LOSE,2.722533193,13.98808096,-4.476858651,1.872524585,0.232736753,0
16-05-2005,WIN,2.742520633,14.11626955,-4.356848953,1.842317564,0.232230036,1
06-07-2005,LOSE,2.966660415,12.69773526,-3.528683265,1.396599739,0.22834429,0
08-07-2005,LOSE,2.981587758,12.65069771,-3.462810528,1.376364092,0.229113873,0
12-07-2005,WIN,2.997456893,12.55241993,-3.437565123,1.357452768,0.23025746,1
14-07-2005,WIN,3.016490973,12.44205264,-3.455270361,1.33811559,0.231414884,1
18-07-2005,WIN,3.031658946,12.32141596,-3.427799532,1.324601432,0.232750778,1
20-07-2005,WIN,3.041837381,12.19472268,-3.377180062,1.314640809,0.234025256,1
22-07-2005,WIN,3.05576356,12.10187393,-3.318871044,1.304740921,0.236529678,1
26-07-2005,WIN,3.069114243,12.03430046,-3.268204208,1.294227441,0.239728721,1
28-07-2005,WIN,3.081947279,11.93253728,-3.202676215,1.282741091,0.24260925,1
02-08-2005,LOSE,3.099561609,11.92022403,-3.114328387,1.273870676,0.248568262,0
23-08-2005,LOSE,3.256755834,12.30353961,-2.919637102,1.13924369,0.29600939,0
25-08-2005,LOSE,3.273918231,12.4084873,-2.825304297,1.117854552,0.300379355,0
29-08-2005,WIN,3.290916135,12.48577604,-2.754444074,1.095946959,0.302378929,1
31-08-2005,LOSE,3.309122034,12.52605767,-2.700709917,1.068013348,0.298985601,0
02-09-2005,LOSE,3.32319005,12.57955316,-2.656680685,1.045813095,0.294170402,0
08-09-2005,WIN,3.341033667,12.59971225,-2.598025116,1.026564496,0.281080198,1
12-10-2005,LOSE,3.531117362,12.98741253,-2.296491823,0.901889495,0.17824537,0
14-10-2005,WIN,3.545749443,13.15793892,-2.216561628,0.900491145,0.173329075,1
18-10-2005,WIN,3.559697684,13.27596183,-2.160992878,0.899548974,0.16802735,1
20-10-2005,WIN,3.571247428,13.37501595,-2.095763202,0.897933292,0.163168095,1
24-10-2005,LOSE,3.583305369,13.50587972,-1.968052195,0.892986363,0.160154716,0
26-10-2005,WIN,3.593640058,13.57325093,-1.907448428,0.897288429,0.159696056,1
31-10-2005,LOSE,3.615536507,13.70682703,-1.925062048,0.88906208,0.160889168,0
02-11-2005,WIN,3.639458081,13.73537404,-1.957852029,0.878921919,0.163920071,1
04-11-2005,LOSE,3.662804453,13.69391628,-1.981288342,0.872937787,0.167696379,0
08-11-2005,LOSE,3.682407714,13.6553262,-2.015974432,0.865712525,0.172009661,0
10-11-2005,LOSE,3.702675142,13.57146463,-2.071619405,0.857011277,0.175467191,0
29-11-2005,WIN,3.793401262,12.92093162,-2.321486317,0.785976662,0.206595013,1
09-12-2005,WIN,3.850019807,12.63776813,-2.498759818,0.746268431,0.235217652,1
13-12-2005,LOSE,3.87460794,12.55147991,-2.54566073,0.727017453,0.241837568,0
15-12-2005,WIN,3.900201701,12.42726615,-2.592865037,0.702283362,0.247038246,1
08-02-2006,WIN,4.204531046,12.27652893,-3.849776452,0.365119943,0.337149571,1
10-02-2006,LOSE,4.224359232,12.32229471,-3.860326035,0.347890426,0.337390928,0
14-02-2006,WIN,4.238459534,12.3522318,-3.89193431,0.338453394,0.33774689,1
16-02-2006,WIN,4.254517965,12.32258531,-3.872812619,0.326100425,0.33680161,1
21-02-2006,LOSE,4.270870359,12.31560395,-3.815001867,0.31004375,0.336184382,0
23-02-2006,LOSE,4.284219491,12.2874519,-3.800765284,0.295044438,0.335230731,0
27-02-2006,WIN,4.298025121,12.23881327,-3.783938339,0.281935194,0.332357599,1
01-03-2006,LOSE,4.312205377,12.21930273,-3.785122522,0.267778557,0.328485016,0
03-03-2006,LOSE,4.324526804,12.19519852,-3.817396319,0.261553325,0.325587623,0
07-03-2006,WIN,4.33637525,12.22740421,-3.887331353,0.261118871,0.324654926,1
09-03-2006,WIN,4.347466791,12.245008,-3.966694748,0.260408573,0.322895874,1
13-03-2006,WIN,4.358174462,12.20418925,-4.085465463,0.261660117,0.320399173,1
16-03-2006,WIN,4.372530185,12.12557401,-4.098332992,0.25987917,0.315038537,1
20-03-2006,LOSE,4.385438059,12.11450342,-4.072722142,0.254158569,0.310808821,0
22-03-2006,LOSE,4.396610554,12.06960145,-4.1101671,0.251944817,0.307015685,0
24-03-2006,LOSE,4.413782232,12.01278224,-4.153522567,0.24249967,0.303408133,0
04-04-2006,LOSE,4.492579858,11.88170917,-4.294385714,0.204350134,0.296200139,0
13-04-2006,WIN,4.55030513,11.94739114,-4.263727324,0.199805085,0.290436272,1
18-04-2006,LOSE,4.563030463,11.94949112,-4.300332202,0.203682098,0.288994545,0
20-04-2006,WIN,4.572754433,11.91966763,-4.273794572,0.212704533,0.286983056,1
24-04-2006,LOSE,4.584412504,11.90380264,-4.262125038,0.215369567,0.284887257,0
26-04-2006,LOSE,4.594027102,11.89430206,-4.233535326,0.224944109,0.282778355,0
28-04-2006,WIN,4.608819069,11.88271607,-4.196228262,0.227780214,0.281175942,1
02-05-2006,WIN,4.621964018,11.90684733,-4.170602166,0.234645469,0.280252537,1
05-05-2006,LOSE,4.634625545,11.90014606,-4.108186776,0.240380624,0.280138071,0
17-05-2006,WIN,4.705548794,12.22378229,-3.926791034,0.236645854,0.291109921,1
19-05-2006,LOSE,4.724359002,12.534428,-3.902638553,0.226942561,0.2922188,0
23-05-2006,WIN,4.740019478,12.88322688,-3.932020273,0.217901305,0.293704481,1
25-05-2006,WIN,4.753810899,13.10882236,-3.959809654,0.212243804,0.293242706,1
02-06-2006,LOSE,4.792742684,13.48972461,-4.002191605,0.194172691,0.294868363,0
12-06-2006,WIN,4.83060875,14.34875146,-4.209073095,0.158075995,0.290740593,1
14-06-2006,LOSE,4.841429845,14.87685706,-4.09401143,0.147056406,0.287176699,0
16-06-2006,WIN,4.850239852,14.98604984,-4.08878375,0.144427728,0.282981311,1
20-06-2006,LOSE,4.855638709,15.13071402,-4.100748186,0.146721249,0.279772525,0
22-06-2006,LOSE,4.861384206,15.16727105,-4.128905576,0.150114274,0.277161629,0
26-06-2006,WIN,4.870585062,15.20467419,-4.174721942,0.15232704,0.276052738,1
28-06-2006,LOSE,4.881428754,15.26122868,-4.271175559,0.151864243,0.275253299,0
30-06-2006,WIN,4.893139887,15.12031617,-4.308424144,0.147576991,0.274416158,1
05-07-2006,WIN,4.915936917,15.02377474,-4.361435357,0.132756345,0.271694433,1
07-07-2006,WIN,4.935989434,14.94640474,-4.477316315,0.117876802,0.268445137,1
11-07-2006,WIN,4.955734997,14.85865188,-4.633486966,0.100429003,0.265898912,1
17-07-2006,LOSE,4.994311017,15.15993324,-4.889418275,0.061029379,0.258803574,0
20-07-2006,LOSE,5.016551652,15.28469937,-5.071681832,0.037877965,0.254200926,0
24-07-2006,LOSE,5.030511896,15.34125645,-5.150676662,0.022681783,0.251588102,0
26-07-2006,WIN,5.043894469,15.30240619,-5.228253534,0.008445827,0.248419117,1
31-07-2006,LOSE,5.066195459,15.24940198,-5.242708536,-0.017573851,0.244105465,0
03-08-2006,WIN,5.084781123,15.18914288,-5.36158343,-0.042010828,0.242251659,1
07-08-2006,WIN,5.095010996,15.16379443,-5.496138912,-0.05943418,0.242052331,1
10-08-2006,WIN,5.10960205,15.1440931,-5.618432399,-0.078898647,0.241955662,1
21-08-2006,LOSE,5.134093522,14.67453113,-5.750596406,-0.118702647,0.23630159,0
23-08-2006,WIN,5.141183749,14.522632,-5.883496653,-0.134441949,0.234057845,1
25-08-2006,LOSE,5.148135177,14.38411134,-5.882940136,-0.150453434,0.232513945,0
29-08-2006,WIN,5.153993167,14.24655455,-5.828431311,-0.164792704,0.22782768,1
01-09-2006,WIN,5.164929182,14.04988394,-5.734882537,-0.191397119,0.221137958,1
06-09-2006,WIN,5.169379109,13.99521827,-5.757633609,-0.202136226,0.219771955,1
29-09-2006,LOSE,5.207711475,13.15099891,-5.915055425,-0.327600919,0.191964821,0
05-10-2006,LOSE,5.214016805,13.02764862,-6.024519851,-0.357733599,0.185482721,0
11-10-2006,WIN,5.217439767,12.88997562,-6.105661307,-0.365447549,0.187222369,1
13-10-2006,WIN,5.21822106,12.76394992,-6.151883104,-0.366020885,0.189546985,1
17-10-2006,LOSE,5.219894862,12.67779388,-6.222242012,-0.368159922,0.193362469,0
19-10-2006,WIN,5.220215719,12.57804657,-6.232579264,-0.369534032,0.196391551,1
01-11-2006,WIN,5.228307768,12.15747946,-6.268006593,-0.399380733,0.211817097,1
03-11-2006,WIN,5.228751095,12.10192587,-6.272635205,-0.407693361,0.213990233,1
07-11-2006,WIN,5.228820336,12.03948074,-6.276080534,-0.414553622,0.213903853,1
09-11-2006,WIN,5.228581556,11.96554754,-6.235770955,-0.423530925,0.214705848,1
14-11-2006,WIN,5.230621207,11.84750442,-6.117195818,-0.442115534,0.21848925,1
16-11-2006,WIN,5.23311573,11.74441494,-6.055147735,-0.452798205,0.221511326,1
20-11-2006,LOSE,5.232623633,11.63357443,-6.001733361,-0.462233414,0.225280802,0
22-11-2006,LOSE,5.235314918,11.53062215,-5.935341095,-0.476134293,0.229906663,0
29-11-2006,LOSE,5.238975277,11.51052236,-5.877804753,-0.504470158,0.236583852,0
01-12-2006,WIN,5.242213768,11.4965108,-5.839257213,-0.522699907,0.240622433,1
06-12-2006,LOSE,5.239805395,11.47588853,-5.770059465,-0.539363428,0.244392366,0
08-12-2006,WIN,5.240456649,11.53269013,-5.731306752,-0.548001844,0.245867928,1
12-12-2006,WIN,5.240416935,11.47818673,-5.666261551,-0.556434184,0.246696164,1
02-02-2007,WIN,5.249372993,11.04512619,-6.040432885,-0.498372204,0.283734421,1
06-02-2007,LOSE,5.249088365,11.01674324,-6.045661283,-0.493062012,0.28360286,0
08-02-2007,WIN,5.248518322,10.97612989,-6.028291765,-0.490646338,0.284489773,1
12-02-2007,LOSE,5.249587021,11.00060179,-6.018032144,-0.486457972,0.285220601,0
14-02-2007,WIN,5.250576908,10.95482955,-5.972936381,-0.4835323,0.285664856,1
16-02-2007,LOSE,5.251471933,10.90139333,-5.906184748,-0.484887892,0.285426164,0
21-02-2007,LOSE,5.251356819,10.85784331,-5.87078934,-0.486146344,0.285769329,0
23-02-2007,LOSE,5.251259601,10.82752843,-5.810489297,-0.486088926,0.286930806,0
01-03-2007,WIN,5.260156391,11.370799,-5.720770486,-0.509898534,0.28576892,1
05-03-2007,WIN,5.259528662,11.86637309,-5.675647377,-0.518869615,0.283737432,1
12-03-2007,WIN,5.256313283,12.29452318,-5.584036328,-0.531709468,0.27283223,1
14-03-2007,LOSE,5.25655934,12.63938394,-5.431314916,-0.537014442,0.266731662,0
16-03-2007,WIN,5.257396876,12.89322561,-5.249723085,-0.541655841,0.259543271,1
20-03-2007,WIN,5.25756317,12.95876134,-5.174005519,-0.544430034,0.250658687,1
22-03-2007,LOSE,5.258043522,12.93367761,-5.125540657,-0.544764773,0.241548873,0
28-03-2007,WIN,5.258315785,13.02463911,-4.965503724,-0.538284338,0.223205964,1
30-03-2007,LOSE,5.260664526,13.14353903,-4.871675316,-0.536173872,0.214193087,0
03-04-2007,WIN,5.258359841,13.19736829,-4.825657402,-0.529998442,0.204912499,1
05-04-2007,LOSE,5.258192645,13.19976702,-4.752929832,-0.525558409,0.196686133,0
10-04-2007,WIN,5.258936384,13.18101358,-4.735661013,-0.5188151,0.189384404,1
12-04-2007,LOSE,5.258700732,13.17542712,-4.719571273,-0.511560147,0.181167778,0
17-04-2007,WIN,5.257513609,13.07460824,-4.683687303,-0.50296899,0.173899323,1
19-04-2007,LOSE,5.254499416,13.03668658,-4.628135617,-0.499281613,0.170920497,0
23-04-2007,WIN,5.253562619,13.00642663,-4.555270816,-0.497411038,0.168542393,1
25-04-2007,WIN,5.249816236,13.01660409,-4.468640348,-0.493408267,0.166841801,1
27-04-2007,LOSE,5.249189152,12.99108892,-4.380799496,-0.488718781,0.165461575,0
03-05-2007,WIN,5.249188427,13.04900414,-4.26029852,-0.488724882,0.163709785,1
09-05-2007,WIN,5.246135502,13.04755636,-4.189658204,-0.487218041,0.158677635,1
30-05-2007,WIN,5.250265588,13.17509103,-3.901193417,-0.446215401,0.140146477,1
01-06-2007,WIN,5.250541678,13.15833352,-3.895043094,-0.435869159,0.14000858,1
20-07-2007,WIN,5.25490012,14.72769855,-2.304361765,-0.238135118,0.121039848,1
24-07-2007,WIN,5.254901229,14.91721537,-2.214500379,-0.240820083,0.115891899,1
26-07-2007,WIN,5.257761157,15.20625494,-2.058532011,-0.249407612,0.111762267,1
30-07-2007,LOSE,5.258564086,15.67173408,-1.892356939,-0.258399513,0.10863818,0
01-08-2007,LOSE,5.260582825,16.17796926,-1.775982831,-0.270000562,0.107049638,0
03-08-2007,WIN,5.259267947,16.62799036,-1.639130835,-0.279289808,0.106252405,1
07-08-2007,LOSE,5.259314712,16.98640964,-1.502813552,-0.287315188,0.103927414,0
09-08-2007,LOSE,5.264542864,17.43486902,-1.383614637,-0.293320438,0.101636087,0
13-08-2007,LOSE,5.231421815,18.07278809,-1.184425275,-0.260612704,0.0978517,0
15-08-2007,WIN,5.192771826,18.78359846,-0.935965279,-0.223270965,0.091705744,1
17-08-2007,WIN,5.176592566,19.52587648,-0.723847185,-0.210557529,0.08578219,1
24-08-2007,LOSE,5.140156437,20.12602043,-0.48855022,-0.187078312,0.067166333,0
28-08-2007,WIN,5.149425183,20.40796594,-0.441525978,-0.206450717,0.06014391,1
30-08-2007,LOSE,5.139879565,20.66588083,-0.417427325,-0.206384396,0.052637085,0
05-09-2007,LOSE,5.138231837,20.94187148,-0.550816608,-0.222098487,0.043792993,0
07-09-2007,WIN,5.124227443,21.20932163,-0.695956377,-0.222592711,0.037870946,1
11-09-2007,WIN,5.12043859,21.53501055,-0.804970543,-0.238387106,0.026656332,1
17-09-2007,WIN,5.132139106,22.0006418,-1.014313998,-0.278161303,0.002472048,1
19-09-2007,WIN,5.112742902,21.88480524,-1.122081645,-0.26600409,-0.00947363,1
21-09-2007,WIN,5.090523029,21.74606772,-1.15367053,-0.242654548,-0.020351401,1
25-09-2007,WIN,5.070728284,21.56927862,-1.197266032,-0.22399074,-0.030096294,1
27-09-2007,WIN,5.060167542,21.29717363,-1.330328437,-0.216122641,-0.037984175,1
01-10-2007,WIN,5.040532551,21.08134782,-1.445422022,-0.202202394,-0.044848738,1
03-10-2007,WIN,5.020642321,20.92587182,-1.529389689,-0.189536138,-0.050628029,1
15-11-2007,WIN,4.771521277,21.6666777,-2.903294138,-0.058684495,-0.054961533,1
19-11-2007,WIN,4.754814708,21.92780364,-2.954611181,-0.058475476,-0.056048617,1
21-11-2007,LOSE,4.738850709,22.18003432,-3.043705371,-0.059546912,-0.054903731,0
26-11-2007,WIN,4.729373415,22.5062934,-3.149323458,-0.073735372,-0.054217251,1
28-11-2007,LOSE,4.712239026,22.67691026,-3.242122452,-0.076094206,-0.053997009,0
30-11-2007,WIN,4.705446336,22.72380071,-3.357755026,-0.089801158,-0.056166644,1
04-12-2007,WIN,4.692950241,22.7862574,-3.496655753,-0.097772788,-0.060248231,1
06-12-2007,WIN,4.674330795,22.71891199,-3.538475078,-0.091286494,-0.06370204,1
10-12-2007,WIN,4.659068158,22.59595017,-3.522039014,-0.078427859,-0.065544992,1
12-12-2007,LOSE,4.635166568,22.62308791,-3.50084027,-0.062829699,-0.066099083,0
14-12-2007,WIN,4.611807278,22.64211015,-3.455900341,-0.038017366,-0.06726366,1
18-12-2007,WIN,4.587656915,22.70103373,-3.475738046,-0.018287812,-0.067083647,1
24-12-2007,LOSE,4.534427002,22.34047397,-3.385958779,0.024184487,-0.070688132,0
27-12-2007,LOSE,4.513324482,22.15730614,-3.324647511,0.046946411,-0.06908744,0
31-12-2007,WIN,4.450326167,22.12390949,-3.31344004,0.101287503,-0.069633239,1
03-01-2008,LOSE,4.433130914,22.16865772,-3.359603441,0.103058471,-0.07261081,0
07-01-2008,WIN,4.41988248,22.27694483,-3.473824118,0.101836333,-0.076579084,1
09-01-2008,LOSE,4.409982966,22.43583575,-3.551480323,0.095990704,-0.081422969,0
15-01-2008,WIN,4.38924307,22.54741262,-3.692922589,0.093148952,-0.093842921,1
17-01-2008,WIN,4.378756123,22.79695278,-3.685723577,0.088748005,-0.102355678,1
25-01-2008,LOSE,4.269598924,23.71286495,-3.792657066,0.163462379,-0.118874791,0
03-03-2008,LOSE,3.56570796,24.71919727,-3.283653042,0.872169846,-0.148152549,0
05-03-2008,WIN,3.524155079,24.74048359,-3.254767538,0.91741926,-0.151143255,1
07-03-2008,LOSE,3.489058,24.91801375,-3.180639958,0.955599338,-0.153902795,0
13-03-2008,WIN,3.425163998,25.24238513,-3.085273542,1.012965658,-0.162240535,1
31-03-2008,WIN,3.093478415,25.81579143,-2.958901059,1.284649809,-0.184400663,1
02-04-2008,WIN,3.041406159,25.63982116,-3.01644421,1.335249853,-0.186450735,1
04-04-2008,LOSE,2.989289187,25.45992285,-3.042882056,1.382113558,-0.188440759,0
08-04-2008,WIN,2.940784079,25.26377763,-3.086085169,1.427031344,-0.190249089,1
10-04-2008,WIN,2.896707942,25.08007615,-3.131366978,1.465832857,-0.192699753,1
15-04-2008,WIN,2.843857735,24.91657197,-3.25221889,1.514493325,-0.19689329,1
18-04-2008,WIN,2.796952871,24.4850085,-3.330521005,1.570362854,-0.201400952,1
07-05-2008,WIN,2.559457396,22.78310059,-3.472291209,1.853247455,-0.210845843,1
09-05-2008,WIN,2.522429807,22.56730516,-3.501364125,1.894563468,-0.212580502,1
13-05-2008,WIN,2.483013352,22.26828909,-3.538680769,1.941251757,-0.215093225,1
16-05-2008,LOSE,2.436408726,21.75247621,-3.55579693,1.997155259,-0.219021234,0
20-05-2008,WIN,2.406634568,21.46802301,-3.579868422,2.031152417,-0.218722923,1
22-05-2008,WIN,2.383223666,21.26663556,-3.632616586,2.060496262,-0.218125151,1
27-05-2008,LOSE,2.365896023,21.15989514,-3.629012857,2.084655483,-0.217523773,0
29-05-2008,LOSE,2.345359564,20.99619248,-3.598716033,2.11860361,-0.216041925,0
10-07-2008,LOSE,2.133840379,22.25642511,-4.118820857,2.385897373,-0.244189783,0
14-07-2008,WIN,2.126296025,22.62290123,-4.140261958,2.388295189,-0.247953133,1
16-07-2008,WIN,2.121630785,22.88920818,-4.179508573,2.390175094,-0.253182806,1
18-07-2008,LOSE,2.113504428,22.99351965,-4.274279692,2.402040106,-0.258418584,0
22-07-2008,LOSE,2.104651181,22.93641217,-4.401705444,2.415346137,-0.261644743,0
24-07-2008,WIN,2.101170482,22.9016706,-4.455618096,2.422942458,-0.263877091,1
28-07-2008,WIN,2.098791308,22.94506076,-4.401806825,2.429488479,-0.265921753,1
03-09-2008,LOSE,2.035934748,21.7194192,-3.90104762,2.432972788,-0.285206888,0
05-09-2008,LOSE,2.032350968,21.83553014,-3.879617036,2.421954521,-0.284422177,0
09-09-2008,LOSE,2.026472463,21.97880656,-3.884537013,2.409942922,-0.286279872,0
11-09-2008,LOSE,2.028551027,22.13692287,-3.832972703,2.391483965,-0.287589066,0
15-09-2008,LOSE,2.050648188,22.55809304,-3.682180881,2.350386446,-0.290048946,0
17-09-2008,WIN,2.072758964,23.28382881,-3.418952079,2.305526103,-0.294321719,1
19-09-2008,WIN,2.056253728,23.87746572,-3.262851176,2.313616936,-0.298923289,1
23-09-2008,WIN,2.019734395,24.5752493,-3.130964052,2.348845801,-0.303538567,1
25-09-2008,WIN,1.968027818,25.17639385,-3.035197156,2.400328939,-0.307026472,1
29-09-2008,WIN,1.926883342,26.1763079,-2.999795275,2.429942538,-0.311143501,1
01-10-2008,WIN,1.904898632,27.03406503,-3.009348524,2.442819652,-0.317101359,1
03-10-2008,WIN,1.839971855,28.19448272,-3.101245664,2.490287673,-0.32290982,1
07-10-2008,WIN,1.880432428,29.77135022,-3.163933059,2.426205712,-0.328241327,1
09-10-2008,WIN,1.87612911,31.75210737,-3.328498031,2.413182527,-0.334276997,1
14-10-2008,LOSE,1.816809879,33.71109594,-3.415128153,2.464000691,-0.340392351,0
16-10-2008,WIN,1.760367184,35.92815348,-3.467763808,2.514035005,-0.345844692,1
20-10-2008,WIN,1.689487131,37.56217277,-3.492338001,2.582999883,-0.351149375,1
22-10-2008,WIN,1.628905542,39.09242746,-3.529115897,2.631839454,-0.353123163,1
24-10-2008,LOSE,1.584907243,41.29419695,-3.357687492,2.660468962,-0.355561573,0
30-10-2008,LOSE,1.457348463,44.81629108,-2.87617283,2.776993676,-0.360818602,0
03-11-2008,WIN,1.378628532,45.57760598,-2.787785454,2.860201036,-0.361906765,1
05-11-2008,LOSE,1.305251548,45.93686373,-2.748520185,2.927254022,-0.362739563,0
07-11-2008,WIN,1.237860781,46.82422621,-2.510983263,2.992285746,-0.362630862,1
26-12-2008,WIN,0.592753816,53.0403115,-0.050003863,2.912028276,-0.394933273,1
30-12-2008,WIN,0.560950908,52.3827049,-0.041511285,2.884397709,-0.390701458,1
02-01-2009,LOSE,0.53211152,51.5653705,-0.061079081,2.866963441,-0.387663679,0
06-01-2009,LOSE,0.504496719,50.75089337,-0.094201526,2.868424526,-0.383927886,0
08-01-2009,WIN,0.478970696,50.25371426,-0.114021253,2.871091003,-0.381265466,1
12-01-2009,WIN,0.454447052,49.87688584,-0.093973489,2.873209748,-0.379898124,1
14-01-2009,WIN,0.433427585,49.64541152,-0.039436588,2.868123927,-0.379205296,1
20-01-2009,WIN,0.410498866,49.80294797,0.177178575,2.852367669,-0.37986932,1
22-01-2009,LOSE,0.398318826,49.61508497,0.184048557,2.859306717,-0.379343408,0
26-01-2009,WIN,0.384696809,49.41397586,0.215741597,2.877259121,-0.379986076,1
28-01-2009,WIN,0.371944997,48.87223221,0.191167034,2.893174973,-0.379952832,1
30-01-2009,WIN,0.36287723,48.5452191,0.177603415,2.921719165,-0.379406107,1
03-02-2009,WIN,0.355027555,48.27208945,0.142258653,2.945990017,-0.377294912,1
05-03-2009,LOSE,0.286111488,47.62927713,0.678318365,3.146526179,-0.356111431,0
09-03-2009,LOSE,0.280610492,47.74928702,0.706951428,3.158257443,-0.354964306,0
11-03-2009,WIN,0.275136229,47.50873469,0.704727932,3.178465318,-0.353596494,1
13-03-2009,WIN,0.268084665,47.14275333,0.708627801,3.196178416,-0.35260731,1
17-03-2009,WIN,0.263735263,46.82992119,0.683927882,3.220090608,-0.350960134,1
13-05-2009,WIN,0.19254138,39.57653302,-0.334809426,3.55744488,-0.283825586,1
18-05-2009,WIN,0.189787638,38.82113663,-0.341824216,3.588649091,-0.286320426,1
22-06-2009,WIN,0.196051045,34.03689312,-0.488095791,3.955856181,-0.307057913,1
25-06-2009,WIN,0.197628559,33.52591053,-0.473691693,3.970104069,-0.30893534,1
30-06-2009,WIN,0.196951192,32.80521243,-0.493493139,3.980412973,-0.312092017,1
07-07-2009,WIN,0.195138812,32.28097048,-0.474141452,3.994908835,-0.313188248,1
09-07-2009,WIN,0.192569383,32.16895217,-0.443770006,3.998166752,-0.311415176,1
13-07-2009,LOSE,0.18920059,31.87980112,-0.434899794,4.000231957,-0.311021554,0
15-07-2009,WIN,0.185743405,31.46982889,-0.419039974,4.015926273,-0.311764708,1
17-07-2009,LOSE,0.183460036,31.04828648,-0.370845959,4.033476889,-0.312106032,0
21-07-2009,LOSE,0.180997851,30.60637077,-0.385706216,4.047570305,-0.312258909,0
23-07-2009,WIN,0.178703498,30.14918457,-0.488038227,4.063748793,-0.312618372,1
27-07-2009,LOSE,0.177194536,29.73686511,-0.550976884,4.083669119,-0.311328227,0
29-07-2009,WIN,0.176106652,29.45438323,-0.546265624,4.098420703,-0.308813133,1
31-07-2009,LOSE,0.176041227,29.21226355,-0.55780058,4.100374809,-0.306355616,0
06-08-2009,LOSE,0.175588099,28.72301275,-0.559744858,4.120979756,-0.299744383,0
10-08-2009,LOSE,0.175231119,28.47731424,-0.553908451,4.135253778,-0.296263244,0
12-08-2009,WIN,0.173933438,28.30088615,-0.529760904,4.144553203,-0.292235308,1
19-08-2009,WIN,0.172177827,27.93480143,-0.477760505,4.144971116,-0.280636266,1
21-08-2009,LOSE,0.171714021,27.75047163,-0.43308057,4.142172053,-0.277240893,0
27-08-2009,WIN,0.168997743,27.40000843,-0.420854952,4.128562691,-0.267485824,1
03-09-2009,WIN,0.166137118,27.37458688,-0.448187079,4.104574064,-0.252422531,1
08-09-2009,WIN,0.165106243,27.25119086,-0.464389418,4.103988806,-0.246246744,1
10-09-2009,LOSE,0.164465904,27.03893924,-0.521832849,4.100780226,-0.240568263,0
14-09-2009,WIN,0.163866472,26.84497149,-0.559049987,4.094363241,-0.235398677,1
22-09-2009,LOSE,0.163092792,26.26833386,-0.601582997,4.080308245,-0.218188155,0
28-09-2009,LOSE,0.159891842,26.08080354,-0.63307951,4.06269868,-0.203901277,0
30-09-2009,WIN,0.15540591,26.03753365,-0.650434592,4.052661428,-0.194229348,1
05-10-2009,LOSE,0.152402852,26.2144526,-0.665593575,4.031082585,-0.18148512,0
08-10-2009,WIN,0.149662171,26.08455788,-0.724804099,4.017174981,-0.172871756,1
16-10-2009,WIN,0.145463627,25.52296553,-0.739914164,4.027166174,-0.160141499,1
20-10-2009,WIN,0.143836953,25.24617434,-0.735500598,4.026373158,-0.154811466,1
22-10-2009,WIN,0.141675372,25.00317911,-0.74631279,4.028856541,-0.149853534,1
02-11-2009,WIN,0.135465441,25.31820295,-0.629311232,4.049094066,-0.131337831,1
04-11-2009,WIN,0.134802156,25.50587646,-0.59682799,4.05812708,-0.123491416,1
06-11-2009,LOSE,0.134170702,25.46076871,-0.584892996,4.06879257,-0.115463891,0
10-11-2009,LOSE,0.133590127,25.30308644,-0.577951848,4.079090865,-0.107352345,0
13-11-2009,LOSE,0.132721959,25.20660204,-0.520776294,4.087118412,-0.10048269,0
17-11-2009,WIN,0.131909252,25.04302753,-0.486280878,4.087930775,-0.0916952,1
19-11-2009,WIN,0.130509639,24.85746385,-0.48953548,4.09060771,-0.084481258,1
23-11-2009,LOSE,0.12952412,24.65361797,-0.495934412,4.092788954,-0.079952702,0
25-11-2009,LOSE,0.128591015,24.38668369,-0.523882766,4.09261079,-0.075374036,0
07-12-2009,LOSE,0.127976517,24.00483125,-0.674955029,4.099825597,-0.054609419,0
09-12-2009,LOSE,0.127466959,23.95127685,-0.686837255,4.108162515,-0.049109254,0
17-12-2009,WIN,0.127382314,23.52804222,-0.718581432,4.146284488,-0.035484181,1
22-12-2009,WIN,0.126686337,23.24695088,-0.669437162,4.167845097,-0.025445792,1
24-12-2009,LOSE,0.125620376,23.0132101,-0.625415444,4.187503742,-0.01703922,0
29-12-2009,LOSE,0.125261334,22.81884513,-0.615434445,4.207120943,-0.005389949,0
31-12-2009,LOSE,0.122338312,22.69206099,-0.592736917,4.225234063,0.005156711,0
05-01-2010,WIN,0.122188935,22.50023828,-0.628650281,4.239896217,0.011628586,1
07-01-2010,WIN,0.121399737,22.28360949,-0.651670866,4.257800421,0.017441032,1
12-01-2010,LOSE,0.120325011,21.87769846,-0.67691291,4.282415245,0.02054729,0
14-01-2010,WIN,0.119665426,21.61325698,-0.669454791,4.296587023,0.019692738,1
19-01-2010,WIN,0.120011482,21.36597005,-0.690111154,4.303507418,0.01695055,1
27-01-2010,LOSE,0.119990633,21.7730857,-0.773267834,4.314444094,0.000170303,0
29-01-2010,LOSE,0.119991231,21.92699452,-0.799250803,4.316359178,-0.005499084,0
02-02-2010,LOSE,0.121269437,21.93330908,-0.852529659,4.319461192,-0.006500586,0
04-02-2010,WIN,0.122151847,22.05747417,-0.818392387,4.324878166,-0.006859125,1
08-02-2010,LOSE,0.122653205,22.32934596,-0.774711499,4.325194819,-0.00880883,0
10-02-2010,WIN,0.122797852,22.5443547,-0.706507687,4.331921636,-0.012431606,1
12-02-2010,WIN,0.122619119,22.5948534,-0.652517315,4.341370674,-0.016980572,1
26-02-2010,LOSE,0.122491359,22.07941813,-0.543086267,4.374968077,-0.035316272,0
02-03-2010,WIN,0.123609851,21.89281369,-0.533370021,4.374336565,-0.040362929,1
04-03-2010,LOSE,0.125620395,21.69358273,-0.527970363,4.373399629,-0.046080113,0
08-03-2010,WIN,0.1278061,21.43258986,-0.538521477,4.378324659,-0.0512671,1
10-03-2010,WIN,0.128585074,21.22930204,-0.547066093,4.385469274,-0.055526413,1
16-03-2010,LOSE,0.135035743,20.8088242,-0.610222255,4.385815724,-0.061833886,0
24-03-2010,WIN,0.142475408,20.1038286,-0.646707199,4.385262392,-0.062636964,1
13-04-2010,WIN,0.154601717,18.9691228,-0.720181073,4.429557149,-0.05533083,1
15-04-2010,WIN,0.158151227,18.76299727,-0.70878666,4.431166683,-0.058401084,1
19-04-2010,WIN,0.161138761,18.70413531,-0.663145149,4.430788554,-0.06269817,1
21-04-2010,WIN,0.163621305,18.53329708,-0.6421224,4.428151264,-0.066647181,1
23-04-2010,WIN,0.165945258,18.40635924,-0.61176186,4.426049299,-0.069898155,1
28-04-2010,WIN,0.169155814,18.60304396,-0.388844114,4.420410238,-0.074257112,1
30-04-2010,LOSE,0.17081207,18.70983862,-0.380663855,4.413000675,-0.079103467,0
04-05-2010,LOSE,0.173001343,18.92290368,-0.459871302,4.400283422,-0.082518,0
06-05-2010,LOSE,0.175040219,19.56154717,-0.424461733,4.37749751,-0.086850334,0
10-05-2010,WIN,0.176634706,20.53469966,-0.464603856,4.359519453,-0.093712111,1
12-05-2010,WIN,0.178127334,20.94113121,-0.522872706,4.349360616,-0.101964777,1
14-05-2010,LOSE,0.179524609,21.45579819,-0.542572796,4.335305197,-0.110059895,0
21-05-2010,WIN,0.18321825,23.86962784,-0.732979236,4.277292645,-0.130871223,1
27-05-2010,LOSE,0.18589189,25.15994771,-0.7987474,4.228442785,-0.146748793,0
01-06-2010,WIN,0.186479007,25.71404218,-0.755674229,4.21127297,-0.154680919,1
03-06-2010,LOSE,0.187018077,25.97564639,-0.730876246,4.198436282,-0.161301085,0
09-06-2010,WIN,0.187062209,27.07157197,-0.706684741,4.15905195,-0.17263714,1
17-06-2010,WIN,0.186736143,27.12279804,-0.629129374,4.121833176,-0.18330869,1
21-06-2010,WIN,0.185981141,26.95030798,-0.617625049,4.109913664,-0.185001111,1
23-06-2010,LOSE,0.18527437,26.95213098,-0.560219483,4.094252214,-0.184592597,0
25-06-2010,WIN,0.183659786,27.0909398,-0.505635686,4.080544215,-0.184670089,1
29-06-2010,LOSE,0.182137804,27.37945685,-0.513854447,4.060684866,-0.184813606,0
01-07-2010,WIN,0.178849291,27.7823419,-0.555072663,4.03887898,-0.184602742,1
06-07-2010,WIN,0.178922801,27.91641672,-0.649576866,4.01688486,-0.185583393,1
08-07-2010,LOSE,0.178666932,27.8109637,-0.68991297,4.001144923,-0.186083566,0
12-07-2010,WIN,0.178427409,27.61225782,-0.712308945,3.990222341,-0.186349616,1
14-07-2010,LOSE,0.177889048,27.42798721,-0.726991408,3.981547136,-0.187395241,0
16-07-2010,WIN,0.178662723,27.31786515,-0.745601925,3.965456653,-0.18829206,1
20-07-2010,WIN,0.179062291,27.16552531,-0.77974048,3.952017478,-0.190754256,1
22-07-2010,WIN,0.179122194,27.03527841,-0.782384027,3.935949658,-0.193048577,1
26-07-2010,WIN,0.179817093,26.78349389,-0.798885399,3.926311924,-0.194412268,1
28-07-2010,LOSE,0.180792282,26.5883497,-0.80898801,3.9204629,-0.194321862,0
30-07-2010,LOSE,0.18105581,26.41084979,-0.823410354,3.913364113,-0.193699746,0
13-08-2010,LOSE,0.181794355,25.56044891,-0.962905109,3.872679516,-0.17111981,0
17-08-2010,WIN,0.182957373,25.5374479,-0.983802784,3.84857885,-0.166503253,1
19-08-2010,LOSE,0.183407272,25.536989,-0.979556134,3.824352211,-0.16294294,0
23-08-2010,LOSE,0.18414257,25.53950683,-0.95241029,3.799170644,-0.161301164,0
25-08-2010,WIN,0.184516756,25.63751642,-0.958037344,3.770162469,-0.161686847,1
27-08-2010,LOSE,0.184867038,25.65338418,-1.004661842,3.745322344,-0.163450879,0
31-08-2010,WIN,0.185844308,25.71516117,-1.00729883,3.718109625,-0.164393461,1
02-09-2010,LOSE,0.186109783,25.575838,-0.999647388,3.701652625,-0.163603603,0
07-09-2010,WIN,0.186682981,25.38417251,-0.962061601,3.688382667,-0.161772495,1
10-09-2010,WIN,0.186356875,25.12823841,-0.927094577,3.679262557,-0.156065585,1
15-09-2010,LOSE,0.187045759,24.79873288,-0.877251318,3.672408739,-0.149748538,0
17-09-2010,LOSE,0.188512128,24.61147226,-0.832154842,3.671605499,-0.146614638,0
21-09-2010,WIN,0.189560139,24.44030238,-0.837756047,3.666350188,-0.143826018,1
07-10-2010,WIN,0.190328241,23.82100559,-1.003460821,3.607821942,-0.139893333,1
21-10-2010,WIN,0.189755024,22.73554121,-1.139645269,3.622318085,-0.138122018,1
25-10-2010,WIN,0.189770674,22.5175933,-1.171284377,3.626631216,-0.139632662,1
01-12-2010,WIN,0.193082149,21.32214619,-1.141338866,3.800885018,-0.120479012,1
03-12-2010,WIN,0.192560572,21.15391018,-1.189342126,3.817155353,-0.117604045,1
08-12-2010,LOSE,0.190737585,20.84842309,-1.266466288,3.847515836,-0.117099938,0
13-12-2010,WIN,0.18816444,20.53022647,-1.261574488,3.880746409,-0.113758846,1
23-12-2010,LOSE,0.190308662,19.63838732,-1.170812204,3.962571427,-0.099748193,0
28-12-2010,WIN,0.189964262,19.50777206,-1.180395367,3.980053843,-0.095112983,1
31-12-2010,WIN,0.187715597,19.3205453,-1.191184178,3.998862551,-0.086072236,1
05-01-2011,WIN,0.18729214,19.13289988,-1.214191123,4.019552513,-0.074932289,1
07-01-2011,WIN,0.186187479,19.01375659,-1.219653819,4.035855263,-0.068317765,1
11-01-2011,LOSE,0.185153386,18.89850535,-1.215549942,4.049870536,-0.064400047,0
13-01-2011,LOSE,0.183546531,18.73354426,-1.209382744,4.066152969,-0.06126893,0
18-01-2011,WIN,0.183016372,18.53773483,-1.182338624,4.082369291,-0.058814225,1
21-01-2011,LOSE,0.182407317,18.48101317,-1.211628434,4.106394628,-0.055987651,0
27-01-2011,WIN,0.181166808,18.29597634,-1.229533756,4.133525007,-0.050326337,1
31-01-2011,WIN,0.180453447,18.39082971,-1.275257283,4.146097357,-0.04910004,1
02-02-2011,LOSE,0.18042448,18.33151168,-1.349454956,4.161039586,-0.046467745,0
04-02-2011,LOSE,0.179758541,18.20197236,-1.402929492,4.1808083,-0.04322707,0
08-02-2011,LOSE,0.178810461,18.06393236,-1.434965993,4.201879977,-0.040021799,0
10-02-2011,WIN,0.176969984,17.93092202,-1.460505255,4.22287265,-0.037293999,1
14-02-2011,WIN,0.17524708,17.7962086,-1.463038811,4.239612666,-0.035738228,1
16-02-2011,LOSE,0.17394838,17.71646305,-1.469180201,4.254665553,-0.034616193,0
18-02-2011,LOSE,0.172418504,17.63930713,-1.474258817,4.269385108,-0.035000768,0
23-02-2011,WIN,0.170986359,17.88440206,-1.534171005,4.277718541,-0.036828873,1
02-03-2011,WIN,0.168422201,18.22518596,-1.599351402,4.28448961,-0.04047628,1
08-03-2011,LOSE,0.165504855,18.38984972,-1.663731552,4.303512584,-0.044552837,0
10-03-2011,LOSE,0.163875547,18.5606611,-1.735886729,4.307707241,-0.047061285,0
06-04-2011,WIN,0.145085234,19.11454947,-2.056511171,4.312992477,-0.087957236,1
08-04-2011,LOSE,0.141880405,19.01117017,-2.056554834,4.323682379,-0.089936781,0
12-04-2011,LOSE,0.138241485,18.87273447,-2.078389468,4.333311993,-0.092237985,0
14-04-2011,LOSE,0.13484557,18.72688504,-2.04168099,4.337886314,-0.095149862,0
18-04-2011,WIN,0.133247837,18.56249341,-2.028135132,4.335790733,-0.098856865,1
20-04-2011,LOSE,0.13143803,18.36325972,-1.95724377,4.332886601,-0.10294646,0
25-04-2011,LOSE,0.129429698,18.16366927,-1.915729822,4.331738694,-0.104272153,0
09-05-2011,LOSE,0.118344959,17.69249929,-1.812090271,4.297875536,-0.094878149,0
11-05-2011,LOSE,0.116534219,17.61239617,-1.748647939,4.29096312,-0.094840688,0
13-05-2011,WIN,0.114839153,17.54507608,-1.71028057,4.284167602,-0.095572741,1
17-05-2011,LOSE,0.113566512,17.56706631,-1.691580779,4.272067336,-0.098198625,0
23-05-2011,LOSE,0.111584617,17.48404539,-1.624377557,4.254768598,-0.105741631,0
27-05-2011,WIN,0.109533709,17.38871409,-1.568712856,4.234966369,-0.118088141,1
07-06-2011,WIN,0.107800097,17.45567087,-1.456958416,4.204694367,-0.13242842,1
09-06-2011,WIN,0.106662987,17.50779324,-1.436992911,4.194822683,-0.137193158,1
15-06-2011,WIN,0.105544812,17.75885796,-1.353486959,4.178206852,-0.146009897,1
17-06-2011,WIN,0.105190597,18.0478537,-1.377853602,4.169074287,-0.151329579,1
22-06-2011,WIN,0.103758483,18.14772599,-1.412841962,4.159126045,-0.161277156,1
24-06-2011,WIN,0.102240738,18.27946452,-1.416818029,4.151201864,-0.167945758,1
28-06-2011,LOSE,0.100819949,18.38001944,-1.420289206,4.152099133,-0.173165153,0
30-06-2011,LOSE,0.098851101,18.28475773,-1.422385379,4.158039121,-0.178110727,0
06-07-2011,WIN,0.097322168,18.15172629,-1.433951065,4.163274967,-0.185605969,1
08-07-2011,LOSE,0.095576766,18.01107504,-1.44633807,4.165893018,-0.192715603,0
15-07-2011,WIN,0.090448784,18.27116648,-1.476715417,4.156365112,-0.21043326,1
20-07-2011,WIN,0.087578184,18.40866577,-1.487228979,4.155085754,-0.225214873,1
22-07-2011,WIN,0.085816427,18.35315236,-1.513334178,4.156331566,-0.234234025,1
04-08-2011,LOSE,0.090554167,19.83579855,-1.394560144,4.097608314,-0.284273475,0
08-08-2011,LOSE,0.09085399,21.13236674,-1.255228936,4.066981656,-0.295360669,0
28-09-2011,WIN,0.087520819,31.74219176,0.207934496,3.44589536,-0.318827211,1
30-09-2011,WIN,0.086391008,32.32938485,0.0561848,3.409691978,-0.317710859,1
05-10-2011,WIN,0.085149665,33.17284417,-0.078735757,3.342919467,-0.315480754,1
07-10-2011,WIN,0.08418187,33.3684247,-0.135262712,3.314342256,-0.312409156,1
12-10-2011,LOSE,0.0832759,33.28399623,-0.200640909,3.297508186,-0.309429034,0
14-10-2011,WIN,0.082427805,33.03905289,-0.1898686,3.284608402,-0.304500117,1
19-10-2011,WIN,0.081256158,33.04874284,-0.104275175,3.263798968,-0.292616959,1
26-10-2011,WIN,0.079868373,32.80244146,-0.065176757,3.242074227,-0.27193051,1
01-11-2011,LOSE,0.07960078,32.30967789,-0.018143289,3.227699874,-0.253317248,0
03-11-2011,LOSE,0.079950965,32.26443902,0.044281576,3.210651311,-0.244891073,0
07-11-2011,WIN,0.079954098,32.11993755,0.100015724,3.196555607,-0.238702262,1
09-11-2011,LOSE,0.07995703,32.10535203,0.149292624,3.182344155,-0.23387818,0
14-11-2011,WIN,0.079959775,32.09581992,0.157140727,3.170046234,-0.230565808,1
16-11-2011,WIN,0.080276485,32.1142228,0.235145893,3.154690455,-0.226816316,1
18-11-2011,LOSE,0.080258823,32.18577522,0.230984227,3.136189646,-0.223452932,0
22-11-2011,WIN,0.080242289,32.2015202,0.244821551,3.114042644,-0.221652586,1
25-11-2011,LOSE,0.080216269,32.33104294,0.304198127,3.09116417,-0.221524131,0
29-11-2011,WIN,0.080202453,32.26982221,0.289034612,3.073852132,-0.221939975,1
02-12-2011,LOSE,0.080791248,31.82708117,0.26377466,3.059660973,-0.225132946,0
06-12-2011,WIN,0.080740701,31.58179321,0.2515224,3.051734245,-0.227281449,1
08-12-2011,WIN,0.080368701,31.45812027,0.261521919,3.042648316,-0.230086624,1
12-12-2011,LOSE,0.079706325,31.11066605,0.293106509,3.037336929,-0.233695975,0
14-12-2011,WIN,0.079086263,30.76694961,0.276853159,3.024677891,-0.237750413,1
16-12-2011,WIN,0.078505812,30.37894696,0.295518905,3.008052185,-0.242570888,1
21-12-2011,WIN,0.077703916,29.69757949,0.285757341,2.987398155,-0.248196455,1
30-12-2011,WIN,0.075630272,28.36476494,0.174019833,2.962965331,-0.259509351,1
